season,season_title,first_name,last_name,age,birthdate,gender,race,orientation,profession,hometown,homestate,finish
1,Survivor: Borneo,Sonja,Christopher,63,1937-01-28,F,White,LGBT,Musician/Retired Teacher,Walnut Creek,California,16
1,Survivor: Borneo,B.B.,Andersen,64,1936-01-18,M,White,Straight,Real Estate Developer,Mission Hills,Kansas,15
1,Survivor: Borneo,Stacey,Stillman,27,1972-08-11,F,White,Straight,Attorney,San Francisco,California,14
1,Survivor: Borneo,Ramona,Gray,29,1971-01-20,F,African American,Straight,Biochemist,Edison,New Jersey,13
1,Survivor: Borneo,Dirk,Been,23,1976-06-15,M,White,Straight,Dairy Farmer,Spring Green,Wisconsin,12
1,Survivor: Borneo,Joel,Klug,27,1972-04-13,M,White,Straight,Health Club Consultant,Sherwood,Arkansas,11
1,Survivor: Borneo,Gretchen,Cordy,38,1962-02-07,F,White,Straight,Teacher,Clarksville,Tennessee,10
1,Survivor: Borneo,Greg,Buis,24,1975-12-31,M,White,Straight,Ivy League Graduate,Gold Hill,Colorado,9
1,Survivor: Borneo,Jenna,Lewis,22,1977-07-16,F,White,Straight,Student,Franklin,New Hampshire,8
1,Survivor: Borneo,Gervase,Peterson,30,1969-11-02,M,African American,Straight,YMCA Basketball Coach,Willingboro,New Jersey,7
1,Survivor: Borneo,Colleen,Haskell,23,1976-12-06,F,White,Straight,Student,Miami Beach,Florida,6
1,Survivor: Borneo,Sean,Kenniff,30,1969-11-27,M,White,Straight,Neurologist,Carle Place,New York,5
1,Survivor: Borneo,Susan,Hawk,38,1961-08-17,F,White,Straight,Truck Driver,Palmyra,Wisconsin,4
1,Survivor: Borneo,Rudy,Boesch,72,1928-01-20,M,White,Straight,Retired NAVY Seal,Virginia Beach,Virginia,3
1,Survivor: Borneo,Kelly,Wiglesworth,22,1977-06-24,F,White,Straight,River Rafting Guide,Kernville,California,2
1,Survivor: Borneo,Richard,Hatch,39,1961-04-08,M,White,LGBT,Corporate Trainer,Newport,Rhode Island,1
2,Survivor: The Australian Outback,Debb,Eaton,45,1955-06-11,F,White,Straight,Corrections Officer,Milan,New Hampshire,16
2,Survivor: The Australian Outback,Kel,Gleason,32,1968-01-05,M,Latin American,Straight,Army Intelligence Officer,Fort Hood,Texas,15
2,Survivor: The Australian Outback,Maralyn,Hershey,51,1949-01-24,F,White,Straight,Retired Police Officer,Wakefield,Virginia,14
2,Survivor: The Australian Outback,Mitchell,Olson,23,1977-03-17,M,White,LGBT,Singer/Songwriter,Union City,New Jersey,13
2,Survivor: The Australian Outback,Kimmi,Kappenberg,28,1972-11-11,F,White,Straight,Bartender,Ronkonkoma,New York,12
2,Survivor: The Australian Outback,Michael,Skupin,38,1962-01-29,M,White,Straight,Software Publisher,White Lake,Michigan,11
2,Survivor: The Australian Outback,Jeff,Varner,34,1966-04-16,M,White,LGBT,Internet Projects Manager,New York,New York,10
2,Survivor: The Australian Outback,Alicia,Calaway,32,1968-05-01,F,African American,Straight,Personal Trainer,New York,New York,9
2,Survivor: The Australian Outback,Jerri,Manthey,30,1970-09-05,F,White,Straight,Aspiring Actress,Los Angeles,California,8
2,Survivor: The Australian Outback,Nick,Brown,23,1977-04-02,M,African American,Straight,Law Student,Steilacoom,Washington,7
2,Survivor: The Australian Outback,Amber,Mariano,22,1978-08-11,F,White,Straight,Administrative Assistant,Beaver,Pennsylvania,6
2,Survivor: The Australian Outback,Rodger,Bingham,53,1947-07-05,M,White,Straight,Teacher/Farmer,Crittenden,Kentucky,5
2,Survivor: The Australian Outback,Elisabeth,Filarski,23,1977-05-28,F,White,Straight,Footwear Designer,Newton,Massachusetts,4
2,Survivor: The Australian Outback,Keith,Famie,40,1960-02-11,M,White,Straight,Chef,West Bloomfield,Michigan,3
2,Survivor: The Australian Outback,Colby,Donaldson,26,1974-04-01,M,White,Straight,Auto Customizer,Dallas,Texas,2
2,Survivor: The Australian Outback,Tina,Wesson,39,1960-12-26,F,White,Straight,Personal Nurse,Knoxville,Tennessee,1
3,Survivor: Africa,Diane,Ogden,42,1959-04-27,F,White,Straight,Mail Carrier,Lincoln,Nebraska,16
3,Survivor: Africa,Jessie,Camacho,27,1974-09-24,F,Latin American,Straight,Sheriff,Orlando,Florida,15
3,Survivor: Africa,Carl,Bilancione,46,1955-06-20,M,White,Straight,Dentist,Winter Springs,Florida,14
3,Survivor: Africa,Linda,Spencer,44,1957-01-01,F,African American,Straight,Career Counselor,Boston,Massachusetts,13
3,Survivor: Africa,Silas,Gaither,23,1978-01-28,M,White,Straight,Bartender,Los Angeles,California,12
3,Survivor: Africa,Lindsey,Richter,27,1974-08-31,F,White,Straight,Advertising Executive,Portland,Oregon,11
3,Survivor: Africa,Clarence,Black,24,1976-12-21,M,African American,Straight,Basketball Coach,Detroit,Michigan,10
3,Survivor: Africa,Kelly,Goldsmith,22,1979-04-27,F,White,Straight,Behavior Analyst,San Diego,California,9
3,Survivor: Africa,Brandon,Quinton,25,1976-01-22,M,White,LGBT,Bartender,Dallas,Texas,8
3,Survivor: Africa,Frank,Garrison,43,1958-07-22,M,White,Straight,Telephone Technician,Odessa,New York,7
3,Survivor: Africa,Kim,Powers,29,1971-12-03,F,White,Straight,Freelance Marketer,Conshohocken,Pennsylvania,6
3,Survivor: Africa,Teresa,Cooper,42,1959-05-05,F,White,Straight,Flight Attendant,Jackson,Georgia,5
3,Survivor: Africa,Tom,Buchanan,46,1955-10-30,M,White,Straight,Goat Farmer,Rich Valley,Virginia,4
3,Survivor: Africa,Lex,van,38,1963-06-18,M,White,Straight,Marketing Manager,Santa Cruz,California,3
3,Survivor: Africa,Kim,Johnson,57,1944-09-18,F,White,Straight,Retired Teacher,Oyster Bay,New York,2
3,Survivor: Africa,Ethan,Zohn,27,1973-11-12,M,White,Straight,Professional Soccer Player,New York,New York,1
4,Survivor: Marquesas,Peter,Harkey,45,1956-01-17,M,White,Straight,Bowling Alley Owner,Millis,Massachusetts,16
4,Survivor: Marquesas,Patricia,Jackson,49,1952-04-08,F,White,Straight,Truck Assembler,Lugoff,South Carolina,15
4,Survivor: Marquesas,Hunter,Ellis,33,1968-07-05,M,White,Straight,Ex-Navy Fighter Pilot,La Jolla,California,14
4,Survivor: Marquesas,Sarah,Jones,24,1977-08-11,F,White,Straight,Account Manager,Newport Beach,California,13
4,Survivor: Marquesas,Gabriel,Cade,23,1978-07-01,M,White,Straight,Bartender,Hollywood,California,12
4,Survivor: Marquesas,Gina,Crews,28,1973-02-07,F,White,Straight,Nature Guide,Gainesville,Florida,11
4,Survivor: Marquesas,Rob,Mariano,26,1975-12-25,M,White,Straight,Construction Worker,Canton,Massachusetts,10
4,Survivor: Marquesas,John,Carroll,36,1965-06-14,M,White,LGBT,Nurse,Omaha,Nebraska,9
4,Survivor: Marquesas,Zoe,Zanidakis,35,1966-03-17,F,White,Straight,Fishing Boat Captain,Monhegan Island,Maine,8
4,Survivor: Marquesas,Tammy,Leitner,29,1972-07-03,F,White,Straight,Crime Reporter,Mesa,Arizona,7
4,Survivor: Marquesas,Robert,DeCanio,38,1963-06-19,M,White,Straight,Limousine Driver,College Point,New York,6
4,Survivor: Marquesas,Sean,Rector,30,1971-08-20,M,African American,Straight,Teacher,Los Angeles,California,5
4,Survivor: Marquesas,Paschal,English,57,1945-03-05,M,White,Straight,Judge,Thomaston,Georgia,4
4,Survivor: Marquesas,Kathy,Vavrick-O'Brien,47,1955-01-06,F,White,Straight,Real Estate Agent,Burlington,Vermont,3
4,Survivor: Marquesas,Neleh,Dennis,21,1980-02-19,F,White,Straight,Student,Layton,Utah,2
4,Survivor: Marquesas,Vecepia,Towery,36,1965-12-09,F,African American,Straight,Office Manager,Hayward,California,1
5,Survivor: Thailand,John,Raymond,40,1962-02-21,M,White,Straight,Pastor,Slidell,Louisiana,16
5,Survivor: Thailand,Tanya,Vance,27,1974-11-29,F,White,Straight,Social Worker,Kingsport,Tennessee,15
5,Survivor: Thailand,Jed,Hildebrand,25,1976-12-05,M,White,Straight,Dental Student,Dallas,Texas,14
5,Survivor: Thailand,Ghandia,Johnson,33,1969-01-03,F,African American,Straight,Legal Secretary,Denver,Colorado,13
5,Survivor: Thailand,Stephanie,Dill,29,1972-11-15,F,White,Straight,Firefighter,Fayetteville,Arkansas,12
5,Survivor: Thailand,Robb,Zbacnik,23,1978-09-12,M,White,Straight,Bartender,Scottsdale,Arizona,11
5,Survivor: Thailand,Shii,Ann,28,1974-01-24,F,Asian American,Straight,Executive Recruiter,New York,New York,10
5,Survivor: Thailand,Erin,Collins,26,1976-01-07,F,White,Straight,Real Estate Agent,Austin,Texas,9
5,Survivor: Thailand,Ken,Stafford,30,1972-06-20,M,White,Straight,Police Officer,Brooklyn,New York,8
5,Survivor: Thailand,Penny,Ramsey,27,1975-04-24,F,White,Straight,Pharmaceutical Saleswoman,Plano,Texas,7
5,Survivor: Thailand,Jake,Billingsley,61,1941-08-21,M,White,Straight,Land Broker,McKinney,Texas,6
5,Survivor: Thailand,Ted,Rogers,37,1964-12-28,M,African American,Straight,Software Developer,Durham,North Carolina,5
5,Survivor: Thailand,Helen,Glover,47,1955-04-28,F,White,Straight,Navy Swim Instructor,Middletown,Rhode Island,4
5,Survivor: Thailand,Jan,Gentry,53,1948-10-31,F,White,Straight,Teacher,Tampa,Florida,3
5,Survivor: Thailand,Clay,Jordan,46,1955-12-30,M,White,Straight,Restaurant Owner,Monroe,Louisiana,2
5,Survivor: Thailand,Brian,Heidik,34,1968-03-09,M,White,Straight,Used Car Salesman,Quartz Hill,California,1
6,Survivor: The Amazon,Ryan,Aiken,23,1979-02-13,M,White,Straight,Model,Ellicott City,Maryland,16
6,Survivor: The Amazon,Janet,Koth,47,1955-11-18,F,White,Straight,Homemaker,Manchester,Missouri,15
6,Survivor: The Amazon,Daniel,Lue,27,1975-11-29,M,Asian American,Straight,Tax Accountant,Houston,Texas,14
6,Survivor: The Amazon,JoAnna,Ward,31,1971-04-29,F,African American,Straight,Guidance Counselor,Orangeburg,South Carolina,13
6,Survivor: The Amazon,Jeanne,Hebert,41,1962-01-06,F,White,Straight,Marketing Director,North Attleborough,Massachusetts,12
6,Survivor: The Amazon,Shawna,Mitchell,23,1979-07-28,F,White,Straight,Retail Saleswoman,Redwood City,California,11
6,Survivor: The Amazon,Roger,Sexton,56,1946-09-26,M,White,Straight,Construction Company Vice President,Valencia,California,10
6,Survivor: The Amazon,Dave,Johnson,24,1979-01-16,M,White,Straight,Rocket Scientist,Pasadena,California,9
6,Survivor: The Amazon,Deena,Bennett,35,1967-02-12,F,Latin American,Straight,Deputy District Attorney,Riverside,California,8
6,Survivor: The Amazon,Alex,Bell,32,1970-05-16,M,White,Straight,Triathlon Coach,Los Angeles,California,7
6,Survivor: The Amazon,Christy,Smith,24,1978-09-13,F,White,Straight,Children's Adventure Guide,Basalt,Colorado,6
6,Survivor: The Amazon,Heidi,Strobel,24,1978-10-29,F,White,Straight,Gym Teacher,Jefferson City,Missouri,5
6,Survivor: The Amazon,Butch,Lockley,50,1952-08-28,M,White,Straight,School Principal,Olney,Illinois,4
6,Survivor: The Amazon,Rob,Cesternino,24,1978-10-20,M,White,Straight,Computer Projects Coordinator,Wantagh,New York,3
6,Survivor: The Amazon,Matthew,von,33,1969-07-24,M,White,Straight,Restaurant Designer,Washington DC,District of Columbia,2
6,Survivor: The Amazon,Jenna,Morasca,21,1981-02-15,F,White,Straight,Swimsuit Model,Pittsburgh,Pennsylvania,1
7,Survivor: Pearl Islands,Nicole,Delma,24,1978-09-19,F,White,Straight,Massage Therapist,Hermosa Beach,California,16
7,Survivor: Pearl Islands,Ryan,Shoulders,23,1980-03-28,M,White,Straight,Produce Clerk,Clarksville,Tennessee,15
7,Survivor: Pearl Islands,Michelle,Tesauro,22,1981-01-16,F,White,Straight,Student,Pittstown,New Jersey,14
7,Survivor: Pearl Islands,Trish,Dunn,42,1960-10-29,F,White,Straight,Sales Executive,Annapolis,Maryland,13
7,Survivor: Pearl Islands,Shawn,Cohen,28,1974-09-20,M,White,Straight,Advertising Salesman,New York,New York,12
7,Survivor: Pearl Islands,Osten,Taylor,27,1975-12-10,M,African American,Straight,Equity Trade Manager,Boston,Massachusetts,11
7,Survivor: Pearl Islands,Andrew,Savage,40,1963-07-29,M,White,Straight,Attorney,Chicago,Illinois,10
7,Survivor: Pearl Islands,Ryan,Opray,31,1972-08-06,M,White,Straight,Electrician,Los Gatos,California,9
7,Survivor: Pearl Islands,Rupert,Boneham,39,1964-01-27,M,White,Straight,Troubled Teens Mentor,Indianapolis,Indiana,8
7,Survivor: Pearl Islands,Tijuana,Bradley,27,1976-07-23,F,African American,Straight,Pharmaceutical Saleswoman,St. Louis,Missouri,7
7,Survivor: Pearl Islands,Christa,Hastie,24,1978-11-06,F,White,Straight,Computer Programmer,Los Angeles,California,6
7,Survivor: Pearl Islands,Burton,Roberts,31,1972-04-10,M,White,Straight,Marketing Executive,San Francisco,California,5
7,Survivor: Pearl Islands,Darrah,Johnson,22,1981-05-19,F,White,Straight,Mortician,Liberty,Mississippi,4
7,Survivor: Pearl Islands,Jon,Dalton,29,1974-03-11,M,White,Straight,Art Consultant,Danville,Virginia,3
7,Survivor: Pearl Islands,Lillian,Morris,51,1952-04-03,F,White,Straight,Scoutmaster,Cincinnati,Ohio,2
7,Survivor: Pearl Islands,Sandra,Diaz-Twine,29,1974-07-30,F,Latin American,Straight,Office Assistant,Fort Lewis,Washington,1
8,Survivor: All-Stars,Tina,Wesson,42,1960-12-26,F,White,Straight,Motivational Speaker,Knoxville,Tennessee,18
8,Survivor: All-Stars,Rudy,Boesch,75,1928-01-20,M,White,Straight,Retired Navy Seal,Virginia Beach,Virginia,17
8,Survivor: All-Stars,Jenna,Morasca,22,1981-02-15,F,White,Straight,Swimsuit Model,Pittsburgh,Pennsylvania,16
8,Survivor: All-Stars,Rob,Cesternino,25,1978-10-20,M,White,Straight,Computer Projects Coordinator,Wantagh,New York,15
8,Survivor: All-Stars,Richard,Hatch,42,1961-04-08,M,White,LGBT,Corporate Trainer,Newport,Rhode Island,14
8,Survivor: All-Stars,Susan,Hawk,42,1961-08-17,F,White,Straight,Waitress/Bartender,Palmyra,Wisconsin,13
8,Survivor: All-Stars,Colby,Donaldson,29,1974-04-01,M,White,Straight,Actor,Dallas,Texas,12
8,Survivor: All-Stars,Ethan,Zohn,30,1973-11-12,M,White,Straight,Motivational Speaker,Lexington,Massachusetts,11
8,Survivor: All-Stars,Jerri,Manthey,33,1970-09-05,F,White,Straight,Actress,Los Angeles,California,10
8,Survivor: All-Stars,Lex,van,40,1963-06-18,M,White,Straight,Freelance Writer,Santa Cruz,California,9
8,Survivor: All-Stars,Kathy,Vavrick-O'Brien,49,1955-01-06,F,White,Straight,Real Estate Agent,Burlington,Vermont,8
8,Survivor: All-Stars,Alicia,Calaway,35,1968-05-01,F,African American,Straight,Health and Fitness Reporter,New York,New York,7
8,Survivor: All-Stars,Shii,Ann,30,1974-01-24,F,Asian American,Straight,Executive Recruiter,New York,New York,6
8,Survivor: All-Stars,Tom,Buchanan,48,1955-10-30,M,White,Straight,Goat Farmer,Rich Valley,Virginia,5
8,Survivor: All-Stars,Rupert,Boneham,40,1964-01-27,M,White,Straight,Troubled Teens Mentor,Indianapolis,Indiana,4
8,Survivor: All-Stars,Jenna,Lewis,26,1977-07-16,F,White,Straight,Actress,Franklin,New Hampshire,3
8,Survivor: All-Stars,Rob,Mariano,28,1975-12-25,M,White,Straight,Construction Worker,Canton,Massachusetts,2
8,Survivor: All-Stars,Amber,Mariano,25,1978-08-11,F,White,Straight,Administrative Assistant,Beaver,Pennsylvania,1
9,Survivor: Vanuatu,Brook,Geraghty,33,1976-11-20,M,White,Straight,Document Manager,Huntington Beach,California,18
9,Survivor: Vanuatu,Dolly,Neely,25,1978-11-18,F,White,Straight,Sheep Farmer,Mercer,Pennsylvania,17
9,Survivor: Vanuatu,John,Palyok,31,1973-05-13,M,White,Straight,Sales Manager,Los Angeles,California,16
9,Survivor: Vanuatu,Mia,Galeotalanza,30,1974-08-17,F,White,Straight,Bookkeeper,Toms River,New Jersey,15
9,Survivor: Vanuatu,Brady,Finta,33,1970-12-17,M,White,Straight,FBI Agent,Huntington Beach,California,14
9,Survivor: Vanuatu,Travis,Sampson,33,1971-02-19,M,White,Straight,Security Officer,Blountville,Tennessee,13
9,Survivor: Vanuatu,Lisa,Keiffer,44,1960-05-03,F,White,Straight,Real State Agent,New Orleans,Louisiana,12
9,Survivor: Vanuatu,John,Kenney,22,1981-09-26,M,White,Straight,Mechanical Bull Operator/Model,Los Angeles,California,11
9,Survivor: Vanuatu,Rory,Freeman,35,1968-10-30,M,African American,Straight,Housing Case Manager,Des Moines,Iowa,10
9,Survivor: Vanuatu,Lea,Masters,40,1964-03-28,M,White,Straight,Drill Sergeant,Columbia,South Carolina,9
9,Survivor: Vanuatu,Chad,Crittenden,35,1969-08-08,M,White,Straight,Teacher,Oakland,California,8
9,Survivor: Vanuatu,Leann,Slaby,35,1969-07-08,F,White,Straight,Equity Research Assistant,Kansasville,Wisconsin,7
9,Survivor: Vanuatu,Ami,Cusack,31,1973-01-25,F,White,LGBT,Coffee Barista,Lakewood,Colorado,6
9,Survivor: Vanuatu,Julie,Berry,23,1980-12-15,F,White,Straight,Youth Mentor,Gorham,Maine,5
9,Survivor: Vanuatu,Eliza,Orlins,21,1982-12-25,F,White,Straight,Pre-Law Student,Syracuse,New York,4
9,Survivor: Vanuatu,Scout,Cloud,59,1944-11-08,F,White,LGBT,Rancher,Stillwater,Oklahoma,3
9,Survivor: Vanuatu,Twila,Tanner,41,1962-10-12,F,White,Straight,Highway Repair Worker,Marshall,Missouri,2
9,Survivor: Vanuatu,Chris,Daugherty,33,1970-08-29,M,White,Straight,Highway Construction Worker,South Vienna,Ohio,1
10,Survivor: Palau,Jonathan,Libby,23,1981-09-05,M,White,Straight,Sales & Marketing Associate,Dallas,Texas,20
10,Survivor: Palau,Wanda,Shirk,55,1949-08-24,F,White,Straight,English Teacher,Ulysses,Pennsylvania,19
10,Survivor: Palau,Jolanda,Jones,39,1965-11-06,F,African American,LGBT,Attorney,Houston,Texas,18
10,Survivor: Palau,Ashlee,Ashby,22,1982-05-02,F,White,Straight,Student,Easley,South Carolina,17
10,Survivor: Palau,Jeff,Wilson,21,1983-02-09,M,White,Straight,Personal Trainer,Ventura,California,16
10,Survivor: Palau,Kim,Mullen,25,1979-03-13,F,White,Straight,Graduate Student,Huber Heights,Ohio,15
10,Survivor: Palau,Willard,Smith,57,1947-11-30,M,White,Straight,Attorney,Bellevue,Washington,14
10,Survivor: Palau,Angie,Jakusz,24,1980-03-27,F,White,Straight,Bartender,New Orleans,Louisiana,13
10,Survivor: Palau,James,Miller,33,1971-07-08,M,White,Straight,Steelworker,Mobile,Alabama,12
10,Survivor: Palau,Ibrehem,Rahman,27,1977-03-04,M,African American,Straight,Model,Birmingham,Alabama,11
10,Survivor: Palau,Bobby,Jon,27,1977-05-10,M,White,Straight,Waiter,Troy,Alabama,10
10,Survivor: Palau,Coby,Archa,32,1972-09-08,M,White,LGBT,Hairdresser,Dallas,Texas,9
10,Survivor: Palau,Janu,Tornell,39,1965-05-09,F,Latin American,Straight,Vegas Showgirl,Las Vegas,Nevada,8
10,Survivor: Palau,Stephenie,LaGrossa,25,1979-12-06,F,White,Straight,Pharmaceutical Sales Representative,Glenolden,Pennsylvania,7
10,Survivor: Palau,Gregg,Carey,27,1977-01-09,M,White,Straight,Business Consultant,Chicago,Illinois,6
10,Survivor: Palau,Caryn,Groedel,46,1958-08-13,F,White,Straight,Civil Rights Attorney,Solon,Ohio,5
10,Survivor: Palau,Jennifer,Lyon,32,1972-02-27,F,White,Straight,Nanny,Encino,California,4
10,Survivor: Palau,Ian,Rosenberger,23,1981-08-24,M,White,Straight,Dolphin Trainer,Key Largo,Florida,3
10,Survivor: Palau,Katie,Gallagher,29,1975-05-28,F,White,Straight,Advertising Executive,Merced,California,2
10,Survivor: Palau,Tom,Westman,41,1964-01-04,M,White,Straight,Firefighter,Sayville,New York,1
11,Survivor: Guatemala,Jim,Lynch,63,1942-01-07,M,White,Straight,Retired Fire Captain,Northglenn,Colorado,18
11,Survivor: Guatemala,Morgan,McDevitt,21,1983-11-24,F,White,Straight,Magician's Assistant,Decatur,Illinois,17
11,Survivor: Guatemala,Brianna,Varela,21,1983-10-29,F,Latin American,Straight,Retail Salesperson,Edmonds,Washington,16
11,Survivor: Guatemala,Brooke,Struck,26,1979-07-30,F,White,Straight,Law Student,Hood River,Oregon,15
11,Survivor: Guatemala,Blake,Towsley,24,1981-05-05,M,White,Straight,Real Estate Broker,Dallas,Texas,14
11,Survivor: Guatemala,Margaret,Bobonich,43,1962-06-05,F,White,Straight,Nursing Practitioner,Chardon,Ohio,13
11,Survivor: Guatemala,Brian,Corridan,22,1983-02-10,M,White,LGBT,Ivy League Student,New York,New York,12
11,Survivor: Guatemala,Amy,O'Hara,39,1965-11-02,F,White,Straight,Police Sergeant,Revere,Massachusetts,11
11,Survivor: Guatemala,Brandon,Bellinger,22,1983-01-22,M,White,Straight,Farmer,Manhattan,Kansas,10
11,Survivor: Guatemala,Bobby,Jon,27,1977-05-10,M,White,Straight,Waiter,Troy,Alabama,9
11,Survivor: Guatemala,Jamie,Newton,24,1981-01-26,M,White,Straight,Water Skiing Instructor,North Hollywood,California,8
11,Survivor: Guatemala,Gary,Hogeboom,46,1958-08-21,M,White,Straight,Former NFL Quarterback,Grand Haven,Michigan,7
11,Survivor: Guatemala,Judd,Sergeant,34,1970-09-13,M,White,Straight,Hotel Doorman,Ridgefield,New Jersey,6
11,Survivor: Guatemala,Cindy,Hall,31,1974-06-28,F,White,Straight,Zookeeper,Naples,Florida,5
11,Survivor: Guatemala,Lydia,Morales,42,1963-01-19,F,Latin American,Straight,Fishmonnger,Lakewood,Washington,4
11,Survivor: Guatemala,Rafe,Judkins,22,1983-01-08,M,White,LGBT,Wilderness Guide,Providence,Rhode Island,3
11,Survivor: Guatemala,Stephenie,LaGrossa,25,1979-12-06,F,White,Straight,Pharmaceutical Sales Representative,Philadelphia,Pennsylvania,2
11,Survivor: Guatemala,Danni,Boatwright,30,1975-07-13,F,White,Straight,Sports Radio Host,Tonganoxie,Kansas,1
12,Survivor: Panama,Tina,Scheer,45,1960-11-17,F,White,Straight,Lumberjill,Hayward,Wisconsin,16
12,Survivor: Panama,Melinda,Hyder,32,1973-05-23,F,White,Straight,Singer/Entertainer,Sevierville,Tennessee,15
12,Survivor: Panama,Misty,Giles,24,1981-02-25,F,White,Straight,Missile Engineer,Dallas,Texas,14
12,Survivor: Panama,Ruth,Marie,48,1957-04-11,F,White,Straight,Property Developer,Greenville,South Carolina,13
12,Survivor: Panama,Bobby,Mason,32,1973-08-20,M,African American,Straight,Attorney,Los Angeles,California,12
12,Survivor: Panama,Dan,Barry,52,1953-12-30,M,White,Straight,Astronaut,South Hadley,Massachusetts,11
12,Survivor: Panama,Nick,Stanbury,25,1980-07-21,M,White,Straight,Financial Salesman,Tempe,Arizona,10
12,Survivor: Panama,Austin,Carty,24,1981-04-29,M,White,Straight,Writer,High Point,North Carolina,9
12,Survivor: Panama,Sally,Schumann,27,1978-12-10,F,White,Straight,Social Worker,Chicago,Illinois,8
12,Survivor: Panama,Bruce,Kanegai,58,1947-12-17,M,Asian American,Straight,Art Teacher,Simi Valley,California,7
12,Survivor: Panama,Courtney,Marit,31,1974-05-24,F,White,Straight,Fire Dancer,Los Angeles,California,6
12,Survivor: Panama,Shane,Powers,35,1970-11-28,M,White,Straight,Marketing Executive,Los Angeles,California,5
12,Survivor: Panama,Cirie,Fields,34,1970-07-18,F,African American,Straight,Nurse,Walterboro,South Carolina,4
12,Survivor: Panama,Terry,Deitz,46,1959-10-10,M,White,Straight,Pilot,Simsbury,Connecticut,3
12,Survivor: Panama,Danielle,DiLorenzo,24,1981-06-03,F,White,Straight,Medical Sales Representative,Pompano Beach,Florida,2
12,Survivor: Panama,Aras,Baskauskas,24,1981-09-26,M,White,Straight,Yoga Instructor,Santa Monica,California,1
13,Survivor: Cook Islands,Sekou,Bunch,46,1960-09-09,M,African American,Straight,Jazz Musician,Los Angeles,California,20
13,Survivor: Cook Islands,Billy,Garcia,36,1970-04-22,M,Latin American,Straight,Heavy Metal Musician,New York,New York,19
13,Survivor: Cook Islands,Cecilia,Mansilla,29,1977-01-13,F,Latin American,Straight,Risk Consultant,Oakland,California,18
13,Survivor: Cook Islands,J.P.,Calderon,30,1975-09-05,M,Latin American,LGBT,Profession Volleyball Player,Marina Del Rey,California,17
13,Survivor: Cook Islands,Stephannie,Favor,35,1970-07-12,F,African American,Straight,Nursing Student,Columbia,South Carolina,16
13,Survivor: Cook Islands,Cao,Boi,42,1964-04-10,M,Asian American,Straight,Nail Salon Manager,Christiansburg,Virginia,15
13,Survivor: Cook Islands,Cristina,Coria,35,1971-04-18,F,Latin American,Straight,Police Officer,Los Angeles,California,14
13,Survivor: Cook Islands,Jessica,Smith,27,1979-01-22,F,White,Straight,Roller Girl,Chico,California,13
13,Survivor: Cook Islands,Brad,Virata,27,1976-11-23,M,Asian American,LGBT,Fashion Director,Los Angeles,California,12
13,Survivor: Cook Islands,Rebecca,Borman,34,1971-08-31,F,African American,Straight,Makeup Artist,Laurelton,New York,11
13,Survivor: Cook Islands,Jenny,Guzon-Bae,36,1970-05-08,F,Asian American,Straight,Real Estate Agent,Lake Forest,Illinois,10
13,Survivor: Cook Islands,Nate,Gonzalez,26,1980-07-26,M,Latin American,Straight,Shoe Salesman,Los Angeles,California,9
13,Survivor: Cook Islands,Candice,Cody,23,1982-11-12,F,White,Straight,Pre-Med Student,Fayetteville,North Carolina,8
13,Survivor: Cook Islands,Jonathan,Penner,44,1962-03-05,M,White,Straight,Writer,Los Angeles,California,7
13,Survivor: Cook Islands,Parvati,Shallow,24,1982-09-21,F,White,Straight,Boxer,Los Angeles,California,6
13,Survivor: Cook Islands,Adam,Gentry,28,1978-08-21,M,White,Straight,Copier Sales Executive,San Diego,California,5
13,Survivor: Cook Islands,Sundra,Oakley,31,1975-01-02,F,African American,Straight,Actress,Los Angeles,California,4
13,Survivor: Cook Islands,Becky,Lee,28,1977-09-11,F,Asian American,Straight,Attorney,Washington DC,District of Columbia,3
13,Survivor: Cook Islands,Ozzy,Lusth,25,1981-08-23,M,Latin American,LGBT,Waiter,Venice,California,2
13,Survivor: Cook Islands,Yul,Kwon,31,1975-02-14,M,Asian American,Straight,Management Consultant,San Mateo,California,1
14,Survivor: Fiji,Jessica,deBen,27,1979-04-25,F,White,Straight,Fashion Stylist,Los Angeles,California,19
14,Survivor: Fiji,Erica,Durousseau,27,1979-12-11,F,African American,Straight,Non-Profit Fundraiser,Lake Charles,Louisiana,18
14,Survivor: Fiji,Sylvia,Kwan,52,1954-08-18,F,Asian American,Straight,Architect,Ross,California,17
14,Survivor: Fiji,Gary,Stritesky,55,1951-09-16,M,White,Straight,School Bus Driver,Ramsey,Minnesota,16
14,Survivor: Fiji,Liliana,Gomez,25,1981-04-05,F,Latin American,Straight,Loan Officer,Oxnard,California,15
14,Survivor: Fiji,Rita,Verreos,38,1968-07-19,F,Latin American,Straight,Single Mother,San Antonio,Texas,14
14,Survivor: Fiji,Anthony,Robinson,32,1974-06-25,M,African American,Straight,Expert Witness Locator,Compton,California,13
14,Survivor: Fiji,Rocky,Reid,28,1978-09-11,M,White,Straight,Bartender,Los Angeles,California,12
14,Survivor: Fiji,Lisi,Linares,36,1970-06-09,F,Latin American,Straight,Customer Service Representative,Los Angeles,California,11
14,Survivor: Fiji,Michelle,Yi,23,1983-12-02,F,Asian American,Straight,Student,Cincinnati,Ohio,10
14,Survivor: Fiji,Edgardo,Rivera,28,1978-10-05,M,Latin American,Straight,Advertising Executive,Miami Beach,Florida,9
14,Survivor: Fiji,Mookie,Lee,25,1981-11-10,M,Asian American,Straight,Business Consultant,Chicago,Illinois,8
14,Survivor: Fiji,Alex,Angarita,28,1978-04-20,M,Latin American,Straight,Attorney,Los Angeles,California,7
14,Survivor: Fiji,Stacy,Kimball,27,1979-10-01,F,Asian American,Straight,Web Producer,Boulder,Colorado,6
14,Survivor: Fiji,Boo,Bernis,34,1972-06-21,M,White,Straight,Construction Worker,Lafayette,Louisiana,5
14,Survivor: Fiji,Yau-Man,Chan,54,1952-08-26,M,Asian American,Straight,Internet Technology Director,Martinez,California,4
14,Survivor: Fiji,Cassandra,Franklin,42,1964-04-19,F,African American,Straight,College Administrator,Los Angeles,California,2
14,Survivor: Fiji,Dreamz,Herd,25,1981-12-15,M,African American,Straight,Cheerleading Coach,Wilmington,North Carolina,2
14,Survivor: Fiji,Earl,Cole,35,1971-04-09,M,African American,Straight,Advertising Executive,Santa Monica,California,1
15,Survivor: China,Chicken,Morris,47,1959-09-02,M,White,Straight,Chicken Farmer,Marion,Virginia,16
15,Survivor: China,Ashley,Massaro,28,1979-05-26,F,White,Straight,Professional Wrestler,East Northport,New York,15
15,Survivor: China,Leslie,Nease,38,1969-03-25,F,White,Straight,Christian Radio Host,Tega Cay,South Carolina,14
15,Survivor: China,Dave,Cruser,37,1969-10-26,M,White,Straight,Former Model,Simi Valley,California,13
15,Survivor: China,Aaron,Reisberger,32,1975-04-25,M,White,Straight,Surfing Instructor,Venice,California,12
15,Survivor: China,Sherea,Lloyd,26,1981-07-31,F,African American,Straight,Elementary Teacher,Atlanta,Georgia,11
15,Survivor: China,Jaime,Dugan,22,1985-06-30,F,White,Straight,Student,Columbia,South Carolina,10
15,Survivor: China,Jean-Robert,Bellande,36,1970-09-17,M,White,Straight,Profession Poker Player,Las Vegas,Nevada,9
15,Survivor: China,Frosti,Zernow,20,1987-02-15,M,Asian American,Straight,Student/Athlete,Chicago,Illinois,8
15,Survivor: China,James,Clement,30,1977-03-09,M,African American,Straight,Gravedigger,Lafayette,Louisiana,7
15,Survivor: China,Erik,Huffman,26,1981-01-31,M,White,Straight,Musician,Nashville,Tennessee,6
15,Survivor: China,Peih-Gee,Law,29,1978-04-07,F,Asian American,Straight,Jeweler,Marina Del Rey,California,5
15,Survivor: China,Denise,Martin,40,1967-05-05,F,White,Straight,School Lunch Lady,Douglas,Massachusetts,4
15,Survivor: China,Amanda,Kimmel,23,1984-08-03,F,White,Straight,Hiking Guide,Kalispell,Montana,3
15,Survivor: China,Courtney,Yates,26,1981-03-26,F,White,Straight,Waitress,New York,New York,2
15,Survivor: China,Todd,Herzog,22,1985-01-29,M,White,LGBT,Flight Attendant,Pleasant Grove,Utah,1
16,Survivor: Micronesia,Jon,Dalton,33,1974-03-11,M,White,Straight,Art Consultant,Danville,Virginia,20
16,Survivor: Micronesia,Mary,Sartain,29,1978-11-11,F,White,Straight,Real Estate Manager,Emeryville,California,19
16,Survivor: Micronesia,Yau-Man,Chan,55,1952-08-26,M,Asian American,Straight,Internet Technology Director,Martinez,California,18
16,Survivor: Micronesia,Mikey,Bortone,34,1973-12-29,M,White,Straight,Aspiring Writer,Los Angeles,California,17
16,Survivor: Micronesia,Joel,Anderson,32,1975-06-01,M,White,Straight,Firefighter,Avondale,Arizona,16
16,Survivor: Micronesia,Jonathan,Penner,45,1962-03-05,M,White,Straight,Writer,Los Angeles,California,15
16,Survivor: Micronesia,Chet,Welch,48,1959-10-22,M,White,LGBT,Pageant Coach,Ford City,Pennsylvania,14
16,Survivor: Micronesia,Kathy,Sleckman,45,1962-08-14,F,White,Straight,Golf Course Vendor,Glen Ellyn,Illinois,13
16,Survivor: Micronesia,Tracy,Hughes-Wolf,43,1964-07-09,F,White,Straight,Residential Builder,Fredericksburg,Virginia,12
16,Survivor: Micronesia,Ami,Cusack,34,1973-01-25,F,White,LGBT,Nanny,Golden,Colorado,11
16,Survivor: Micronesia,Eliza,Orlins,25,1982-12-25,F,White,Straight,Law School Student,New York,New York,10
16,Survivor: Micronesia,Ozzy,Lusth,26,1981-08-23,M,Latin American,LGBT,Photographer,Venice,California,9
16,Survivor: Micronesia,Jason,Siska,22,1985-03-04,M,White,Straight,Gymnastics Coach,Fox River Grove,Illinois,8
16,Survivor: Micronesia,James,Clement,30,1977-03-09,M,African American,Straight,Gravedigger,Lafayette,Louisiana,7
16,Survivor: Micronesia,Alexis,Jones,24,1983-07-06,F,White,Straight,Motivational Speaker,Beverly Hills,California,6
16,Survivor: Micronesia,Erik,Reichenbach,22,1985-11-27,M,White,Straight,Ice Cream Scooper,Pinckney,Michigan,5
16,Survivor: Micronesia,Natalie,Bolton,32,1975-12-31,F,Asian American,LGBT,Personal Trainer,Los Angeles,California,4
16,Survivor: Micronesia,Cirie,Fields,37,1970-07-18,F,African American,Straight,Nurse,Norwalk,Connecticut,3
16,Survivor: Micronesia,Amanda,Kimmel,23,1984-08-03,F,White,Straight,Aspiring Designer,Los Angeles,California,2
16,Survivor: Micronesia,Parvati,Shallow,25,1982-09-21,F,White,Straight,Charity Organizer,Los Angeles,California,1
17,Survivor: Gabon,Michelle,Chase,24,1984-03-07,F,White,Straight,Music Producer,Los Angeles,California,18
17,Survivor: Gabon,Gillian,Larson,61,1947-02-24,F,White,Straight,Retired Nurse,Temecula,California,17
17,Survivor: Gabon,Paloma,Soto-Castillo,24,1984-08-24,F,Latin American,Straight,Student,Downey,California,16
17,Survivor: Gabon,Jacquie,Berg,25,1982-09-10,F,White,Straight,Medical Saleswoman,Santa Barbara,California,15
17,Survivor: Gabon,GC,Brown,26,1982-07-13,M,African American,Straight,Maintenance Man,Portland,Oregon,14
17,Survivor: Gabon,Kelly,Czarnecki,22,1986-04-04,F,White,Straight,Retail Saleswoman,Buffalo Grove,Illinois,13
17,Survivor: Gabon,Ace,Gordon,27,1980-09-03,M,White,Straight,Jewelry Salesman/Photographer,Naples,Florida,12
17,Survivor: Gabon,Dan,Kay,32,1976-06-30,M,White,Straight,Attorney,Boston,Massachusetts,11
17,Survivor: Gabon,Marcus,Lehman,28,1979-10-03,M,Latin American,Straight,Doctor,Atlanta,Georgia,10
17,Survivor: Gabon,Charlie,Herschel,29,1979-05-12,M,White,LGBT,Attorney,New York,New York,9
17,Survivor: Gabon,Randy,Bailey,49,1959-03-31,M,White,Straight,Wedding Videographer,Eagle Rock,Missouri,8
17,Survivor: Gabon,Corinne,Kaplan,29,1979-01-17,F,White,Straight,Pharmaceutical Saleswoman,Los Angeles,California,7
17,Survivor: Gabon,Crystal,Cox,29,1979-03-28,F,African American,Straight,Olympic Gold Medalist,Durham,North Carolina,6
17,Survivor: Gabon,Ken,Hoang,22,1985-10-10,M,Asian American,Straight,Professional Gamer,Westminster,California,5
17,Survivor: Gabon,Matty,Whitmore,29,1978-12-18,M,White,Straight,Personal Trainer,Pacific Palisades,California,4
17,Survivor: Gabon,Sugar,Kiper,29,1979-02-22,F,White,Straight,Pin-Up Model,Brooklyn,New York,3
17,Survivor: Gabon,Susie,Smith,47,1960-10-24,F,Latin American,Straight,Hairdresser,Charles City,Iowa,2
17,Survivor: Gabon,Bob,Crowley,57,1951-02-25,M,White,Straight,Physics Teacher,Portland,Maine,1
18,Survivor: Tocantins,Carolina,Eastwood,26,1981-10-27,F,Latin American,Straight,Bartender,West Hollywood,California,16
18,Survivor: Tocantins,Candace,Smith,31,1977-02-01,F,African American,Straight,Attorney,Dayton,Ohio,15
18,Survivor: Tocantins,Jerry,Sims,49,1959-05-18,M,African American,Straight,U.S. Army Sergeant,Rock Hill,South Carolina,14
18,Survivor: Tocantins,Sandy,Burgin,53,1955-07-01,F,White,Straight,Bus Driver,Louisville,Kentucky,13
18,Survivor: Tocantins,Spencer,Duhm,19,1989-12-20,M,White,LGBT,Student,Lakeland,Florida,12
18,Survivor: Tocantins,Sydney,Wheeler,24,1984-05-11,F,White,Straight,Model,Raleigh,North Carolina,11
18,Survivor: Tocantins,Joe,Dowdle,26,1982-06-29,M,White,Straight,Real Estate Salesman,Austin,Texas,10
18,Survivor: Tocantins,Brendan,Synnott,30,1978-09-28,M,White,Straight,Entrepreneur,New York,New York,9
18,Survivor: Tocantins,Tyson,Apostol,29,1979-06-17,M,White,Straight,Professional Cyclist,Lindon,Utah,8
18,Survivor: Tocantins,Sierra,Reed,23,1985-09-29,F,White,Straight,Model,Los Angeles,California,7
18,Survivor: Tocantins,Debbie,Beebe,46,1962-09-28,F,White,Straight,School Principal,Auburn,Alabama,6
18,Survivor: Tocantins,Coach,Wade,37,1971-09-18,M,White,Straight,Soccer Coach/Musician,Bolivar,Missouri,5
18,Survivor: Tocantins,Taj,Johnson-George,37,1971-04-29,F,African American,Straight,Former Pop Star,Nashville,Tennessee,4
18,Survivor: Tocantins,Erinn,Lobdell,26,1982-10-21,F,White,Straight,Hairdresser,Waukesha,Wisconsin,3
18,Survivor: Tocantins,Stephen,Fishbach,29,1979-01-24,M,White,Straight,Corporate Consultant,New York,New York,2
18,Survivor: Tocantins,J.T.,Thomas,24,1984-06-23,M,White,Straight,Cattle Rancher,Samson,Alabama,1
19,Survivor: Samoa,Marisa,Calihan,26,1983-07-26,F,White,Straight,Student,Cincinnati,Ohio,20
19,Survivor: Samoa,Mike,Borassi,62,1947-03-13,M,White,Straight,Personal Chef,Marina del Rey,California,19
19,Survivor: Samoa,Betsy,Bolan,48,1961-03-20,F,White,Straight,Police Officer,Campton,New Hampshire,18
19,Survivor: Samoa,Ben,Browning,28,1980-08-28,M,White,Straight,Bar Manager,Los Angeles,California,17
19,Survivor: Samoa,Yasmin,Giles,33,1975-08-29,F,African American,Straight,Hairstylist,Los Angeles,California,16
19,Survivor: Samoa,Ashley,Trainer,22,1987-02-27,F,White,Straight,Spa Saleswoman,Maple Grove,Minnesota,15
19,Survivor: Samoa,Russell,Swan,42,1967-02-17,M,African American,Straight,Attorney,Glenside,Pennsylvania,14
19,Survivor: Samoa,Liz,Kim,33,1975-11-24,F,Asian American,Straight,Urban Planner,New York,New York,13
19,Survivor: Samoa,Erik,Cardona,28,1981-04-13,M,Latin American,Straight,Bartender,Ontario,California,12
19,Survivor: Samoa,Kelly,Sharbaugh,25,1983-12-26,F,White,Straight,Hairstylist,Los Angeles,California,11
19,Survivor: Samoa,Laura,Morett,39,1969-07-30,F,White,Straight,Office Manager,Salem,Oregon,10
19,Survivor: Samoa,John,Fincher,25,1983-08-16,M,Latin American,Straight,Rocket Scientist,Los Angeles,California,9
19,Survivor: Samoa,Dave,Ball,38,1970-08-13,M,White,Straight,Fitness Instructor,Los Angeles,California,8
19,Survivor: Samoa,Monica,Padilla,25,1984-07-14,F,Latin American,Straight,Law Student,San Diego,California,7
19,Survivor: Samoa,Shambo,Waters,45,1964-04-25,F,White,LGBT,Saleswoman,Renton,Washington,6
19,Survivor: Samoa,Jaison,Robinson,28,1980-09-25,M,African American,Straight,Law Student,Chicago,Illinois,5
19,Survivor: Samoa,Brett,Clouser,23,1985-12-27,M,White,Straight,T-shirt Designer,Los Angeles,California,4
19,Survivor: Samoa,Mick,Trimming,33,1976-05-10,M,White,Straight,Doctor,Los Angeles,California,3
19,Survivor: Samoa,Russell,Hantz,36,1972-10-10,M,White,Straight,Oil Company Owner,Dayton,Texas,2
19,Survivor: Samoa,Natalie,White,26,1983-04-22,F,White,Straight,Pharmaceutical Saleswoman,Van Buren,Arkansas,1
20,Survivor: Heroes vs. Villains,Sugar,Kiper,30,1979-02-22,F,White,Straight,Pin-Up Model,Los Angeles,California,20
20,Survivor: Heroes vs. Villains,Stephenie,LaGrossa,29,1979-12-06,F,White,Straight,Pharmaceutical Sales Representative,Philadelphia,Pennsylvania,19
20,Survivor: Heroes vs. Villains,Randy,Bailey,50,1959-03-31,M,White,Straight,Wedding Videographer,Eagle Rock,Missouri,18
20,Survivor: Heroes vs. Villains,Cirie,Fields,39,1970-07-18,F,African American,Straight,Nurse,Norwalk,Connecticut,17
20,Survivor: Heroes vs. Villains,Tom,Westman,45,1964-01-04,M,White,Straight,Motivational Speaker,Sayville,New York,16
20,Survivor: Heroes vs. Villains,Tyson,Apostol,29,1979-06-17,M,White,Straight,Former Professional Cyclist,Lindon,Utah,15
20,Survivor: Heroes vs. Villains,James,Clement,32,1977-03-09,M,African American,Straight,Gravedigger,Lafayette,Louisiana,14
20,Survivor: Heroes vs. Villains,Rob,Mariano,33,1975-12-25,M,White,Straight,Construction Worker,Pensacola,Florida,13
20,Survivor: Heroes vs. Villains,Coach,Wade,38,1971-09-18,M,White,Straight,Soccer Coach/Musician,Los Angeles,California,12
20,Survivor: Heroes vs. Villains,Courtney,Yates,29,1981-03-26,F,White,Straight,Waitress,New York,New York,11
20,Survivor: Heroes vs. Villains,J.T.,Thomas,25,1984-06-23,M,White,Straight,Cattle Rancher,Samson,Alabama,10
20,Survivor: Heroes vs. Villains,Amanda,Kimmel,25,1984-08-03,F,White,Straight,Aspiring Designer,Los Angeles,California,9
20,Survivor: Heroes vs. Villains,Candice,Cody,27,1982-11-12,F,White,Straight,Physician,Washington,District of Columbia,8
20,Survivor: Heroes vs. Villains,Danielle,DiLorenzo,28,1981-06-03,F,White,Straight,Medical Sales Representative,Pompano Beach,Florida,7
20,Survivor: Heroes vs. Villains,Rupert,Boneham,45,1964-01-27,M,White,Straight,Troubled Teens Mentor,Indianapolis,Indiana,6
20,Survivor: Heroes vs. Villains,Colby,Donaldson,35,1974-04-01,M,White,Straight,Actor,Dallas,Texas,5
20,Survivor: Heroes vs. Villains,Jerri,Manthey,38,1970-09-05,F,White,Straight,Actress,Los Angeles,California,4
20,Survivor: Heroes vs. Villains,Russell,Hantz,36,1972-10-10,M,White,Straight,Oil Company Owner,Dayton,Texas,3
20,Survivor: Heroes vs. Villains,Parvati,Shallow,27,1982-09-21,F,White,Straight,Charity Organizer,Los Angeles,California,2
20,Survivor: Heroes vs. Villains,Sandra,Diaz-Twine,35,1974-07-30,F,Latin American,Straight,Office Assistant,Fayetteville,North Carolina,1
21,Survivor: Nicaragua,Wendy,DeSmidt-Kohlhoff,48,1961-12-13,F,White,Straight,Goat Rancher,Fromberg,Montana,20
21,Survivor: Nicaragua,Shannon,Elkins,30,1979-12-04,M,White,Straight,Pest Control Company Owner,Lafayette,Louisiana,19
21,Survivor: Nicaragua,Jimmy,Johnson,67,1943-07-16,M,White,Straight,Former NFL Coach,Islamorada,Florida,18
21,Survivor: Nicaragua,Jimmy,Tarantino,48,1962-09-07,M,White,Straight,Commercial Fisherman,Gloucester,Massachusetts,17
21,Survivor: Nicaragua,Tyrone,Davis,42,1967-09-24,M,African American,Straight,Firefighter,Inglewood,California,16
21,Survivor: Nicaragua,Kelly,Bruno,26,1984-03-23,F,White,Straight,Medical Student,Durham,North Carolina,15
21,Survivor: Nicaragua,Yve,Rojas,41,1969-03-09,F,Latin American,Straight,Homemaker,Kansas City,Missouri,14
21,Survivor: Nicaragua,Jill,Behm,43,1967-01-18,F,White,Straight,ER Doctor,Erie,Pennsylvania,13
21,Survivor: Nicaragua,Alina,Wilson,23,1987-02-20,F,White,Straight,Art Student,Downey,California,12
21,Survivor: Nicaragua,Marty,Piombo,48,1961-11-11,M,White,Straight,Technology Executive,Mill Valley,California,11
21,Survivor: Nicaragua,Brenda,Lowe,27,1982-11-03,F,Asian American,Straight,Paddleboard Company Owner,Miami,Florida,10
21,Survivor: Nicaragua,NaOnka,Mixon,27,1983-02-17,F,African American,Straight,P.E. Teacher,Los Angeles,California,9
21,Survivor: Nicaragua,Kelly,Shinn,20,1990-05-05,F,White,Straight,Nursing Student,Mesa,Arizona,8
21,Survivor: Nicaragua,Benry,Henry,24,1986-06-25,M,White,Straight,Club Promoter,Los Angeles,California,7
21,Survivor: Nicaragua,Jane,Bright,56,1953-12-13,F,White,Straight,Dog Trainer,Jackson Springs,North Carolina,6
21,Survivor: Nicaragua,Dan,Lembo,63,1946-10-07,M,White,Straight,Real Estate Executive,Watermill,New York,5
21,Survivor: Nicaragua,Holly,Hoffman,44,1966-03-15,F,White,Straight,Swim Coach,Eureka,South Dakota,4
21,Survivor: Nicaragua,Sash,Lenahan,30,1979-11-22,M,African American,Straight,Real Estate Broker,New York,New York,3
21,Survivor: Nicaragua,Chase,Rice,24,1985-09-19,M,White,Straight,Professional Racecar Jackman,Fairview,North Carolina,2
21,Survivor: Nicaragua,Fabio,Birza,21,1989-06-12,M,White,Straight,Student,Venice,California,1
22,Survivor: Redemption Island,Francesca,Hogi,36,1974-11-03,F,African American,Straight,Attorney,Washington,District of Columbia,18
22,Survivor: Redemption Island,Russell,Hantz,38,1972-10-10,M,White,Straight,Oil Company Owner,Dayton,Texas,17
22,Survivor: Redemption Island,Kristina,Kell,46,1964-12-26,F,White,Straight,Law Student,Malibu,California,16
22,Survivor: Redemption Island,Krista,Klumpp,25,1985-07-27,F,White,Straight,Pharmaceutical Representative,Columbia,South Carolina,15
22,Survivor: Redemption Island,Stephanie,Valencia,26,1985-02-03,F,Latin American,Straight,Waitress,Long Beach,California,14
22,Survivor: Redemption Island,Sarita,White,36,1974-10-02,F,White,Straight,Visual Effects Producer,Santa Monica,California,13
22,Survivor: Redemption Island,David,Murphy,31,1979-07-16,M,White,Straight,Defense Attorney,West Hollywood,California,12
22,Survivor: Redemption Island,Julie,Wolfe,50,1960-05-11,F,White,Straight,Firefighter,Oceanside,California,11
22,Survivor: Redemption Island,Steve,Wright,51,1959-04-08,M,White,Straight,Ex-NFL Player,Huntington Beach,California,10
22,Survivor: Redemption Island,Ralph,Kiser,45,1965-10-27,M,White,Straight,Farmer,Lebanon,Virginia,9
22,Survivor: Redemption Island,Grant,Mattos,29,1981-03-12,M,White,Straight,Ex-NFL Player,West Hollywood,California,8
22,Survivor: Redemption Island,Matt,Elrod,22,1988-10-02,M,White,Straight,Pre-Med Student,Nashville,Tennessee,7
22,Survivor: Redemption Island,Mike,Chiesl,31,1979-09-15,M,White,Straight,Iraq War Veteran,Del Mar,California,6
22,Survivor: Redemption Island,Andrea,Boehlke,21,1989-05-10,F,White,Straight,Student,Random Lake,Wisconsin,5
22,Survivor: Redemption Island,Ashley,Underwood,25,1985-02-08,F,White,Straight,Nurse,Benton,Maine,4
22,Survivor: Redemption Island,Natalie,Tenerelli,19,1991-05-06,F,White,Straight,Professional Dancer,Acton,California,3
22,Survivor: Redemption Island,Phillip,Sheppard,52,1958-03-12,M,African American,Straight,Former Federal Agent?,Santa Monica,California,2
22,Survivor: Redemption Island,Rob,Mariano,34,1975-12-25,M,White,Straight,Construction Worker,Pensacola,Florida,1
23,Survivor: South Pacific,Semhar,Tadesse,24,1986-09-12,F,African American,Straight,Spoken Word Artist,Los Angeles,California,18
23,Survivor: South Pacific,Mark,Caruso,48,1963-07-07,M,White,LGBT,Retired NYPD Detective,Forest Hills,New York,17
23,Survivor: South Pacific,Stacey,Powell,44,1967-11-21,F,African American,Straight,Mortician,Grand Prairie,Texas,16
23,Survivor: South Pacific,Elyse,Umemoto,27,1984-05-10,F,Asian American,Straight,Dance Team Manager,Las Vegas,Nevada,15
23,Survivor: South Pacific,Mikayla,Wingle,22,1989-05-31,F,White,Straight,Lingerie Football Player,Tampa,Florida,14
23,Survivor: South Pacific,Christine,Shields,39,1971-06-17,F,Latin American,Straight,Teacher,Merrick,New York,13
23,Survivor: South Pacific,Jim,Rice,35,1975-09-14,M,White,Straight,Medical Marijuana Dispenser,Denver,Colorado,12
23,Survivor: South Pacific,Keith,Tollefson,26,1985-10-01,M,White,Straight,Water Treatment Technician,Edina,Minnesota,11
23,Survivor: South Pacific,Dawn,Meehan,41,1970-06-29,F,White,Straight,English Profressor,South Jordan,Utah,10
23,Survivor: South Pacific,Whitney,Duncan,26,1984-08-03,F,White,Straight,Country Music Singer,Nashville,Tennessee,9
23,Survivor: South Pacific,John,Cochran,24,1987-01-17,M,White,Straight,Harvard Law Student,Washington DC,District of Columbia,8
23,Survivor: South Pacific,Edna,Ma,35,1975-08-22,F,Asian American,Straight,Anesthesiologist,Los Angeles,California,7
23,Survivor: South Pacific,Brandon,Hantz,19,1991-10-15,M,White,Straight,Oil Tanker Crewman,Katy,Texas,6
23,Survivor: South Pacific,Rick,Nelson,51,1959-10-24,M,White,Straight,Rancher,Aurora,Utah,5
23,Survivor: South Pacific,Ozzy,Lusth,30,1981-08-23,M,Latin American,LGBT,Photographer,Venice,California,4
23,Survivor: South Pacific,Albert,Destrade,26,1985-03-31,M,Latin American,Straight,Baseball/Dating Coach,Plantation,Florida,3
23,Survivor: South Pacific,Coach,Wade,39,1971-09-18,M,White,Straight,Soccer Coach/Musician,Susanville,California,2
23,Survivor: South Pacific,Sophie,Clarke,22,1989-07-10,F,White,Straight,Medical Student,Willsboro,New York,1
24,Survivor: One World,Kourtney,Moon,29,1982-02-27,F,White,Straight,Motorcycle Repairwoman,Austin,Texas,18
24,Survivor: One World,Nina,Acosta,51,1960-04-03,F,White,Straight,Retired LAPD Officer,Clovis,California,17
24,Survivor: One World,Matt,Quinlan,33,1978-04-05,M,White,Straight,Attorney,San Francisco,California,16
24,Survivor: One World,Bill,Posley,28,1983-09-28,M,African American,LGBT,Stand-Up Comedian,Venice,California,15
24,Survivor: One World,Monica,Culpepper,41,1970-06-15,F,White,Straight,Ex-NFL Player's Wife,Tampa,Florida,14
24,Survivor: One World,Colton,Cumbie,21,1990-11-22,M,White,LGBT,Student,Monroeville,Alabama,13
24,Survivor: One World,Jonas,Otsuji,37,1974-03-25,M,Asian American,Straight,Sushi Chef,Lehi,Utah,12
24,Survivor: One World,Michael,Jefferson,30,1981-08-29,M,White,Straight,Banker,Seattle,Washington,11
24,Survivor: One World,Jay,Byars,25,1986-11-05,M,White,Straight,Model,Gaffney,South Carolina,10
24,Survivor: One World,Leif,Manson,27,1984-02-01,M,White,Straight,Phlebotomist,San Diego,California,9
24,Survivor: One World,Troyzan,Robertson,50,1961-07-30,M,White,Straight,Swimsuit Photographer,Miami,Florida,8
24,Survivor: One World,Kat,Edorsson,22,1989-06-22,F,White,Straight,Timeshare Representative,Orlando,Florida,7
24,Survivor: One World,Tarzan,Smith,64,1947-12-12,M,White,Straight,Plastic Surgeon,Houston,Texas,6
24,Survivor: One World,Alicia,Rosa,25,1987-01-11,F,Latin American,Straight,Special Education Teacher,Chicago,Illinois,5
24,Survivor: One World,Christina,Cha,29,1982-09-26,F,Asian American,Straight,Career Consultant,West Hollywood,California,4
24,Survivor: One World,Chelsea,Meissner,26,1985-06-13,F,White,Straight,Medical Saleswoman,Charleston,South Carolina,3
24,Survivor: One World,Sabrina,Thompson,33,1978-03-06,F,African American,Straight,High School Teacher,Brooklyn,New York,2
24,Survivor: One World,Kim,Spradlin-Wolfe,29,1983-01-30,F,White,Straight,Bridal Shop Owner,San Antonio,Texas,1
25,Survivor: Philippines,Zane,Knight,28,1984-02-20,M,White,Straight,Tire Repairman,Danville,Virginia,18
25,Survivor: Philippines,Roxy,Morris,28,1984-06-03,F,African American,Straight,Seminary Student,Brooklyn,New York,17
25,Survivor: Philippines,Angie,Layton,20,1991-10-08,F,White,Straight,Model/Student,Provo,Utah,16
25,Survivor: Philippines,Russell,Swan,45,1967-02-17,M,African American,Straight,Attorney,Glenside,Pennsylvania,15
25,Survivor: Philippines,Dana,Lambert,32,1979-12-13,F,White,LGBT,Cosmetologist,Winston-Salem,North Carolina,14
25,Survivor: Philippines,Sarah,Dawson,28,1983-11-15,F,African American,Straight,Insurance Saleswoman,Silver Spring,Maryland,13
25,Survivor: Philippines,Katie,Hanson,22,1989-11-29,F,White,Straight,Former Miss Delaware,Newark,Delaware,12
25,Survivor: Philippines,R.C.,Saint-Amour,27,1985-05-10,F,White,Straight,Investment Banker,New York,New York,11
25,Survivor: Philippines,Jeff,Kent,44,1968-03-07,M,White,Straight,Former MLB Player,Austin,Texas,10
25,Survivor: Philippines,Artis,Silvester,53,1959-04-18,M,African American,Straight,Computer Engineer,Terrytown,Louisiana,9
25,Survivor: Philippines,Pete,Yurkowski,24,1988-03-03,M,White,Straight,Engineer Graduate/Model,Holmdel,New Jersey,8
25,Survivor: Philippines,Jonathan,Penner,50,1962-03-05,M,White,Straight,Writer,Los Angeles,California,7
25,Survivor: Philippines,Carter,Williams,24,1987-05-26,M,White,Straight,Track Coach,Shawnee,Kansas,6
25,Survivor: Philippines,Abi-Maria,Gomes,32,1979-10-21,F,Latin American,Straight,Business Student,Los Angeles,California,5
25,Survivor: Philippines,Malcolm,Freberg,25,1987-05-07,M,White,Straight,Bartender,Hermosa Beach,California,4
25,Survivor: Philippines,Lisa,Whelchel,49,1963-05-29,F,White,Straight,Former TV Teen Star,Dallas,Texas,2
25,Survivor: Philippines,Michael,Skupin,50,1962-01-29,M,White,Straight,Professional Speaker,White Lake,Michigan,2
25,Survivor: Philippines,Denise,Stapley,41,1971-01-01,F,White,Straight,Sex Therapist,Cedar Rapids,Iowa,1
26,Survivor: Caramoan,Francesca,Hogi,38,1974-11-03,F,African American,Straight,Attorney,Brooklyn,New York,20
26,Survivor: Caramoan,Allie,Pohevitz,25,1987-12-24,F,White,Straight,Bartender,Oceanside,New York,19
26,Survivor: Caramoan,Hope,Driskill,23,1989-07-06,F,White,Straight,Pre-Law Student,Jefferson City,Missouri,18
26,Survivor: Caramoan,Shamar,Thomas,27,1985-09-27,M,African American,Straight,Iraq War Veteran,Brooklyn,New York,17
26,Survivor: Caramoan,Laura,Alexander,23,1989-09-12,F,White,Straight,Administrative Officer,Washington DC,District of Columbia,16
26,Survivor: Caramoan,Brandon,Hantz,21,1991-10-15,M,White,Straight,Chemical Disposal,Katy,Texas,15
26,Survivor: Caramoan,Matt,Bischoff,38,1974-04-04,M,White,Straight,BMX Bike Salesman,Cincinnati,Ohio,14
26,Survivor: Caramoan,Julia,Landauer,21,1991-11-12,F,White,Straight,Racecar Driver,Stanford,California,13
26,Survivor: Caramoan,Corinne,Kaplan,33,1979-01-17,F,White,Straight,Pharmaceutical Sales,Los Angeles,California,12
26,Survivor: Caramoan,Michael,Snow,44,1968-08-30,M,White,LGBT,Event Planner,New York,New York,11
26,Survivor: Caramoan,Phillip,Sheppard,54,1958-03-12,M,African American,Straight,Software Sales,Santa Monica,California,10
26,Survivor: Caramoan,Malcolm,Freberg,26,1987-05-07,M,White,Straight,Bartender,Hermosa Beach,California,9
26,Survivor: Caramoan,Reynold,Toepfer,30,1982-10-06,M,White,Straight,Real Estate Salesman,San Francisco,California,8
26,Survivor: Caramoan,Andrea,Boehlke,23,1989-05-10,F,White,Straight,Entertainment Host and Writer,New York,New York,7
26,Survivor: Caramoan,Brenda,Lowe,30,1982-11-03,F,Asian American,Straight,Paddleboard Company Owner,Miami,Florida,6
26,Survivor: Caramoan,Erik,Reichenbach,27,1985-11-27,M,White,Straight,Comic Book Artist,Santa Clarita,California,5
26,Survivor: Caramoan,Eddie,Fox,23,1989-04-15,M,White,Straight,Fireman/EMT,East Brunswick,New Jersey,4
26,Survivor: Caramoan,Sherri,Biethman,41,1971-09-09,F,White,Straight,Fast Food Franchisee,Boise,Idaho,2
26,Survivor: Caramoan,Dawn,Meehan,42,1970-06-29,F,White,Straight,English professor,South Jordan,Utah,2
26,Survivor: Caramoan,John,Cochran,25,1987-01-17,M,White,Straight,Harvard Law Student,Washington DC,District of Columbia,1
27,Survivor: Blood vs. Water,Rupert,Boneham,49,1964-01-27,M,White,Straight,Troubled Teens Mentor,Indianapolis,Indiana,20
27,Survivor: Blood vs. Water,Colton,Cumbie,22,1990-11-22,M,White,LGBT,Student Teacher,Monroeville,Alabama,19
27,Survivor: Blood vs. Water,Rachel,Foulger,33,1979-07-28,F,White,Straight,Cocktail Waitress/Graphic Designer,Orem,Utah,18
27,Survivor: Blood vs. Water,Marissa,Peterson,21,1991-09-25,F,African American,Straight,Student,Chapel Hill,North Carolina,17
27,Survivor: Blood vs. Water,Candice,Cody,30,1982-11-12,F,White,Straight,Physician,Washington DC,District of Columbia,16
27,Survivor: Blood vs. Water,Brad,Culpepper,44,1969-05-08,M,White,Straight,Attorney/Retired NFL Player,Tampa,Florida,15
27,Survivor: Blood vs. Water,Kat,Edorsson,23,1989-06-22,F,White,Straight,Full-Time Student/Sales,Orlando,Florida,14
27,Survivor: Blood vs. Water,John,Cody,30,1983-05-12,M,White,Straight,Physician/Army Orthopedic Surgery Resident,Washington DC,District of Columbia,13
27,Survivor: Blood vs. Water,Laura,Boneham,44,1968-08-29,F,White,Straight,Merchandiser,Indianapolis,Indiana,12
27,Survivor: Blood vs. Water,Aras,Baskauskas,31,1981-09-26,M,White,Straight,Musician,Santa Monica,California,11
27,Survivor: Blood vs. Water,Vytas,Baskauskas,33,1979-12-08,M,White,Straight,Yoga Instructor/Math Professor,Santa Monica,California,10
27,Survivor: Blood vs. Water,Caleb,Bankston,26,1987-03-26,M,White,LGBT,Post Office Manager/Farmer,Crossville,Alabama,9
27,Survivor: Blood vs. Water,Katie,Collins,25,1987-06-27,F,White,Straight,Hedge Fund Support,New York,New York,8
27,Survivor: Blood vs. Water,Hayden,Moss,27,1986-05-27,M,White,Straight,Real Estate,Tempe,Arizona,7
27,Survivor: Blood vs. Water,Laura,Morett,43,1969-07-30,F,White,Straight,Fitness Instructor,Salem,Oregon,6
27,Survivor: Blood vs. Water,Ciera,Eastin,24,1989-03-05,F,White,Straight,Cosmetology Student,Salem,Oregon,5
27,Survivor: Blood vs. Water,Tina,Wesson,52,1960-12-26,F,White,Straight,Motivational Speaker,Knoxville,Tennessee,4
27,Survivor: Blood vs. Water,Gervase,Peterson,43,1969-11-02,M,African American,Straight,Cigar Lounge Owner,Willingboro,New Jersey,3
27,Survivor: Blood vs. Water,Monica,Culpepper,42,1970-06-15,F,White,Straight,Homemaker,Tampa,Florida,2
27,Survivor: Blood vs. Water,Tyson,Apostol,34,1979-06-17,M,White,Straight,Former Pro Cyclist/Shop Manager,Heber,Utah,1
28,Survivor: Cagayan,David,Samson,45,1968-02-26,M,White,Straight,Miami Marlins President,Plantation,Florida,18
28,Survivor: Cagayan,Garrett,Adelstein,27,1986-05-16,M,White,Straight,Professional Poker Player,Santa Monica,California,17
28,Survivor: Cagayan,Brice,Johnston,27,1986-02-20,M,African American,LGBT,Social Worker,Philadelphia,Pennsylvania,16
28,Survivor: Cagayan,J'Tia,Taylor,31,1981-09-01,F,African American,Straight,Nuclear Engineer,Chicago,Illinois,15
28,Survivor: Cagayan,Cliff,Robinson,46,1966-12-16,M,African American,Straight,Former NBA All-Star,Newark,New Jersey,14
28,Survivor: Cagayan,Lindsey,Ogle,29,1983-09-04,F,White,Straight,Hairstylist,Kokomo,Indiana,13
28,Survivor: Cagayan,Alexis,Maxwell,21,1992-03-17,F,Latin American,Straight,Student,Addison,Illinois,12
28,Survivor: Cagayan,Sarah,Lacina,29,1984-07-09,F,White,Straight,Police Officer,Cedar Rapids,Iowa,11
28,Survivor: Cagayan,Morgan,McLeod,21,1992-07-09,F,White,Straight,Ex-NFL Cheerleader,San Jose,California,10
28,Survivor: Cagayan,LJ,McKanas,34,1979-01-08,M,White,Straight,Horse Trainer,Boston,Massachusetts,9
28,Survivor: Cagayan,Jeremiah,Wood,34,1979-06-15,M,White,Straight,Male Model,Dobson,North Carolina,8
28,Survivor: Cagayan,Jefra,Bland,22,1990-07-02,F,White,Straight,Miss Kentucky Teen USA,Campbellsville,Kentucky,7
28,Survivor: Cagayan,Tasha,Fox,37,1977-01-03,F,African American,Straight,Accountant,St. Louis,Missouri,6
28,Survivor: Cagayan,Trish,Hegarty,48,1965-10-09,F,White,Straight,Pilates Teacher,Needham,Massachusetts,5
28,Survivor: Cagayan,Spencer,Bledsoe,21,1992-06-12,M,White,Straight,Economics Student,Chicago,Illinois,4
28,Survivor: Cagayan,Kass,McQuillen,41,1971-11-08,F,White,Straight,Attorney,Tehachapi,California,3
28,Survivor: Cagayan,Woo,Hwang,29,1984-03-16,M,Asian American,Straight,Martial Arts Instructor,Newport Beach,California,2
28,Survivor: Cagayan,Tony,Vlachos,39,1973-09-10,M,White,Straight,Police Officer,Jersey City,New Jersey,1
29,Survivor: San Juan del Sur,Nadiya,Anderson,28,1986-04-11,F,Asian American,Straight,Crossfit Coach/Project Coordinator,Edgewater,New Jersey,18
29,Survivor: San Juan del Sur,Val,Collins,35,1978-11-08,F,African American,Straight,Police Officer,Foxborough,Massachusetts,17
29,Survivor: San Juan del Sur,John,Rocker,39,1974-10-17,M,White,Straight,Former MLB Player,Atlanta,Georgia,16
29,Survivor: San Juan del Sur,Drew,Christy,25,1989-05-18,M,White,Straight,Traveling Sales Representative,Winter Park,Florida,15
29,Survivor: San Juan del Sur,Kelley,Wentworth,28,1986-06-07,F,White,Straight,Marketing Manager,Seattle,Washington,14
29,Survivor: San Juan del Sur,Dale,Wentworth,55,1959-03-07,M,White,Straight,Farmer,Ephrata,Washington,13
29,Survivor: San Juan del Sur,Julie,McGee,34,1980-01-24,F,White,Straight,Model/Spray Tan Business Owner,Atlanta,Georgia,12
29,Survivor: San Juan del Sur,Josh,Canfield,32,1981-07-01,M,White,LGBT,Singer/Actor/Writer,New York,New York,11
29,Survivor: San Juan del Sur,Jeremy,Collins,36,1978-04-16,M,African American,Straight,Firefighter,Foxborough,Massachusetts,10
29,Survivor: San Juan del Sur,Wes,Nale,24,1990-06-19,M,White,Straight,Firefighter,Shreveport,Louisiana,9
29,Survivor: San Juan del Sur,Reed,Kelly,31,1982-09-05,M,White,LGBT,Broadway Performer/Model/Aerialist,New York,New York,8
29,Survivor: San Juan del Sur,Alec,Christy,22,1991-09-07,M,White,Straight,Student,Winter Park,Florida,7
29,Survivor: San Juan del Sur,Jon,Misch,26,1988-03-29,M,White,Straight,Financial Assistant,Waterford,Michigan,6
29,Survivor: San Juan del Sur,Baylor,Wilson,20,1994-01-25,F,White,Straight,Student,Nashville,Tennessee,5
29,Survivor: San Juan del Sur,Keith,Nale,53,1960-08-16,M,White,Straight,Firefighter,Shreveport,Louisiana,4
29,Survivor: San Juan del Sur,Missy,Payne,47,1967-06-10,F,White,Straight,Competitive Cheerleading Gym Owner,Dallas,Texas,3
29,Survivor: San Juan del Sur,Jaclyn,Schultz,25,1988-08-16,F,White,Straight,Media Buyer,Wyandotte,Michigan,2
29,Survivor: San Juan del Sur,Natalie,Anderson,28,1986-04-11,F,Asian American,Straight,Crossfit Coach/Physical Therapy Student,Edgewater,New Jersey,1
30,Survivor: Worlds Apart,So,Kim,31,1983-01-13,F,Asian American,Straight,Retail Buyer,Long Beach,California,18
30,Survivor: Worlds Apart,Vince,Sly,32,1982-02-16,M,White,Straight,Coconut Vendor,Santa Monica,California,17
30,Survivor: Worlds Apart,Nina,Poersch,51,1963-01-17,F,Asian American,Straight,Hearing Advocate,Palmdale,California,16
30,Survivor: Worlds Apart,Lindsey,Cascaddan,24,1989-08-24,F,White,Straight,Hairdresser,College Park,Florida,15
30,Survivor: Worlds Apart,Max,Dawson,37,1977-03-31,M,White,Straight,Media Consultant,Topanga,California,14
30,Survivor: Worlds Apart,Joaquin,Souberbielle,27,1986-08-16,M,Latin American,Straight,Marketing Director,Valley Stream,New York,13
30,Survivor: Worlds Apart,Kelly,Remington,44,1970-04-27,F,White,LGBT,State Trooper,Grand Island,New York,12
30,Survivor: Worlds Apart,Hali,Ford,25,1989-07-20,F,White,Straight,Law Student,San Francisco,California,11
30,Survivor: Worlds Apart,Joe,Anglim,25,1988-09-30,M,White,Straight,Jewelry Designer,Scottsdale,Arizona,10
30,Survivor: Worlds Apart,Jenn,Brown,22,1992-01-27,F,White,Straight,Sailing Instructor,Long Beach,California,9
30,Survivor: Worlds Apart,Shirin,Oskooi,31,1983-02-25,F,Asian American,Straight,Yahoo! Executive,San Francisco,California,8
30,Survivor: Worlds Apart,Tyler,Fredrickson,33,1981-02-26,M,White,Straight,Ex-Talent Agent Assistant,Los Angeles,California,7
30,Survivor: Worlds Apart,Dan,Foley,47,1967-02-05,M,White,Straight,Postal Worker,Gorham,Maine,6
30,Survivor: Worlds Apart,Sierra,Dawn,27,1986-12-18,F,White,Straight,Barrel Racer,Roy,Utah,5
30,Survivor: Worlds Apart,Rodney,Lavoie,24,1989-09-02,F,White,Straight,General Contractor,Boston,Massachusetts,4
30,Survivor: Worlds Apart,Will,Sims,41,1972-08-13,M,African American,Straight,YouTube Sensation,Sherman Oaks,California,2
30,Survivor: Worlds Apart,Carolyn,Rivera,52,1961-10-07,F,White,Straight,Corporate Executive,Tampa,Florida,2
30,Survivor: Worlds Apart,Mike,Holloway,38,1976-07-25,M,White,Straight,Oil Driller,North Richland Hills,Texas,1
31,Survivor: Cambodia,Vytas,Baskauskas,35,1979-12-08,M,White,Straight,Yoga Instructor/Math Professor,Santa Monica,California,20
31,Survivor: Cambodia,Shirin,Oskooi,32,1983-02-25,F,Asian American,Straight,Yahoo! Executive,San Francisco,California,19
31,Survivor: Cambodia,Peih-Gee,Law,37,1978-04-07,F,Asian American,Straight,Jeweler,San Francisco,California,18
31,Survivor: Cambodia,Jeff,Varner,49,1966-04-16,M,White,LGBT,Internet Projects Manager,Greensboro,North Carolina,17
31,Survivor: Cambodia,Monica,Padilla,30,1984-07-14,F,Latin American,Straight,Law Student,Queens,New York,16
31,Survivor: Cambodia,Terry,Deitz,55,1959-10-10,M,White,Straight,Pilot,Simsbury,Connecticut,15
31,Survivor: Cambodia,Woo,Hwang,31,1984-03-16,M,Asian American,Straight,Martial Arts Instructor,Newport Beach,California,14
31,Survivor: Cambodia,Kass,McQuillen,42,1971-11-08,F,White,Straight,Attorney,Tehachapi,California,13
31,Survivor: Cambodia,Andrew,Savage,51,1963-07-29,M,White,Straight,Attorney,San Jose,California,12
31,Survivor: Cambodia,Kelly,Wiglesworth,37,1977-06-24,F,White,Straight,River Guide,Greensboro,North Carolina,11
31,Survivor: Cambodia,Ciera,Eastin,26,1989-03-05,F,White,Straight,Cosmetology Student,Salem,Oregon,10
31,Survivor: Cambodia,Stephen,Fishbach,36,1979-01-24,M,White,Straight,Corporate Consultant,New York,New York,9
31,Survivor: Cambodia,Joe,Anglim,25,1988-09-30,M,White,Straight,Jewelry Designer,Scottsdale,Arizona,8
31,Survivor: Cambodia,Abi-Maria,Gomes,35,1979-10-21,F,Latin American,Straight,Business Student,Los Angeles,California,7
31,Survivor: Cambodia,Kimmi,Kappenberg,42,1972-11-11,F,White,Straight,Bartender,The Woodlands,Texas,6
31,Survivor: Cambodia,Keith,Nale,54,1960-08-16,M,White,Straight,Firefighter,Keithville,Louisiana,5
31,Survivor: Cambodia,Kelley,Wentworth,29,1986-06-07,F,White,Straight,Marketing Manager,Seattle,Washington,4
31,Survivor: Cambodia,Spencer,Bledsoe,22,1992-06-12,M,White,Straight,Economics Student,Chicago,Illinois,2
31,Survivor: Cambodia,Tasha,Fox,39,1977-01-03,F,African American,Straight,Accountant,St. Louis,Missouri,2
31,Survivor: Cambodia,Jeremy,Collins,37,1978-04-16,M,African American,Straight,Firefighter,Foxborough,Massachusetts,1
32,Survivor: Kah Rng,Darnell,Hamilton,27,1988-02-08,M,African American,Straight,Postal Worker,Chicago,Illinois,18
32,Survivor: Kah Rng,Jennifer,Lanzetti,38,1977-07-14,F,White,Straight,Contractor,Salt Lake City,Utah,17
32,Survivor: Kah Rng,Liz,Markham,27,1988-08-14,F,White,Straight,Quantitative Strategist,Brooklyn,New York,16
32,Survivor: Kah Rng,Caleb,Reynolds,28,1987-11-27,M,White,Straight,Army Veteran,Hopkinsville,Kentucky,15
32,Survivor: Kah Rng,Alecia,Holden,24,1991-08-03,F,White,Straight,Real Estate Agent,Dallas,Texas,14
32,Survivor: Kah Rng,Anna,Khait,26,1988-09-17,F,White,Straight,Professional Poker Player,Brooklyn,New York,13
32,Survivor: Kah Rng,Peter,Baggenstos,34,1980-07-21,M,African American,Straight,ER Doctor,Minneapolis,Minnesota,12
32,Survivor: Kah Rng,Neal,Gottlieb,38,1977-02-03,M,White,Straight,Ice Cream Entrepreneur,Sausalito,California,11
32,Survivor: Kah Rng,Nick,Maiorano,30,1985-01-28,M,White,Straight,Personal Trainer,Redondo Beach,California,10
32,Survivor: Kah Rng,Debbie,Wanner,49,1965-11-21,F,White,Straight,Chemist,Reading,Pennsylvania,9
32,Survivor: Kah Rng,Scot,Pollard,40,1975-02-12,M,White,Straight,Former NBA Player,Carmel,Indiana,8
32,Survivor: Kah Rng,Julia,Sokolowski,19,1996-04-08,F,White,Straight,College Student,Boston,Massachusetts,7
32,Survivor: Kah Rng,Kyle,Jason,31,1984-07-16,M,White,Straight,Bounty Hunter,Detroit,Michigan,6
32,Survivor: Kah Rng,Joe,del,71,1943-07-04,M,White,Straight,Former FBI Agent,Vero Beach,Florida,5
32,Survivor: Kah Rng,Cydney,Gillon,23,1992-09-14,F,African American,Straight,Bodybuilder,Douglasville,Georgia,4
32,Survivor: Kah Rng,Tai,Trang,51,1964-03-23,M,Asian American,LGBT,Gardener,San Francisco,California,3
32,Survivor: Kah Rng,Aubry,Bracco,29,1985-11-14,F,White,Straight,Social Media Marketer,Cambridge,Massachusetts,2
32,Survivor: Kah Rng,Michele,Fitzgerald,24,1990-05-05,F,White,Straight,Bartender,Freehold,New Jersey,1
33,Survivor: Millennials vs. Gen X,Rachel,Ako,37,1978-09-08,F,Asian American,Straight,Recruiting Director,Los Angeles,California,20
33,Survivor: Millennials vs. Gen X,Mari,Takahashi,31,1984-11-02,F,Asian American,Straight,Gamer,Los Angeles,California,19
33,Survivor: Millennials vs. Gen X,Paul,Wachter,52,1963-10-10,M,White,Straight,Boat Mechanic,Sugarloaf Key,Florida,18
33,Survivor: Millennials vs. Gen X,Lucy,Huang,42,1973-09-22,F,Asian American,Straight,Dietitian,Diamond Bar,California,17
33,Survivor: Millennials vs. Gen X,CeCe,Taylor,39,1977-03-02,F,African American,Straight,Insurance Adjuster,Granada Hills,California,16
33,Survivor: Millennials vs. Gen X,Figgy,Figueroa,23,1992-12-12,F,Latin American,Straight,Bartender,Nashville,Tennessee,15
33,Survivor: Millennials vs. Gen X,Michaela,Bradshaw,25,1990-12-01,F,African American,Straight,Vacation Club Saleswoman,Fort Worth,Texas,14
33,Survivor: Millennials vs. Gen X,Michelle,Schubert,28,1988-03-11,F,White,Straight,Missionary Recruiter,Yakima,Washington,13
33,Survivor: Millennials vs. Gen X,Taylor,Stocker,24,1991-11-20,M,White,Straight,Snowboard Instructor,Post Falls,Idaho,12
33,Survivor: Millennials vs. Gen X,Chris,Hammons,38,1978-04-01,M,White,Straight,Trial Attorney,Moore,Oklahoma,11
33,Survivor: Millennials vs. Gen X,Jessica,Lewis,37,1979-02-24,F,White,Straight,Assistant District Attorney,Voorheesville,New York,10
33,Survivor: Millennials vs. Gen X,Zeke,Smith,28,1988-01-25,M,White,LGBT,Asset Manager,Brooklyn,New York,9
33,Survivor: Millennials vs. Gen X,Will,Wahl,18,1997-08-12,M,White,Straight,High School Student,Long Valley,New Jersey,8
33,Survivor: Millennials vs. Gen X,Sunday,Burquest,45,1971-02-06,F,White,Straight,Youth Pastor,Otsego,Minnesota,7
33,Survivor: Millennials vs. Gen X,Jay,Starrett,27,1989-06-03,M,Latin American,Straight,Real Estate Agent,Fort Lauderdale,Florida,6
33,Survivor: Millennials vs. Gen X,Bret,LaBelle,42,1973-08-20,M,White,LGBT,Police Sergeant,Dedham,Massachusetts,5
33,Survivor: Millennials vs. Gen X,David,Wright,42,1974-02-06,M,White,Straight,Television Writer,Sherman Oaks,California,4
33,Survivor: Millennials vs. Gen X,Hannah,Shapiro,24,1992-02-24,F,White,Straight,Barista,West Hollywood,California,2
33,Survivor: Millennials vs. Gen X,Ken,McNickle,33,1982-09-20,M,White,Straight,Model,Denver,Colorado,2
33,Survivor: Millennials vs. Gen X,Adam,Klein,25,1991-01-15,M,White,Straight,Homeless Shelter Manager,San Francisco,California,1
34,Survivor: Game Changers,Ciera,Eastin,27,1989-03-05,F,White,Straight,Cosmetology Student,Salem,Oregon,20
34,Survivor: Game Changers,Tony,Vlachos,42,1973-09-10,M,White,Straight,Police Officer,Jersey City,New Jersey,19
34,Survivor: Game Changers,Caleb,Reynolds,28,1987-11-27,M,White,Straight,Army Veteran,Hopkinsville,Kentucky,18
34,Survivor: Game Changers,Malcolm,Freberg,29,1987-05-07,M,White,Straight,Bartender,Hermosa Beach,California,17
34,Survivor: Game Changers,J.T.,Thomas,31,1984-06-23,M,White,Straight,Cattle Rancher,Mobile,Alabama,16
34,Survivor: Game Changers,Sandra,Diaz-Twine,42,1974-07-30,F,Latin American,Straight,Office Assistant,Fayetteville,North Carolina,15
34,Survivor: Game Changers,Jeff,Varner,50,1966-04-16,M,White,LGBT,Internet Project Manager,High Point,North Carolina,14
34,Survivor: Game Changers,Hali,Ford,26,1989-07-20,F,White,Straight,Law Student,Knoxville,Tennessee,13
34,Survivor: Game Changers,Ozzy,Lusth,34,1981-08-23,M,Latin American,LGBT,Photographer,Venice,California,12
34,Survivor: Game Changers,Debbie,Wanner,51,1965-11-21,F,White,Straight,Chemist,Reading,Pennsylvania,11
34,Survivor: Game Changers,Zeke,Smith,28,1988-01-25,M,White,LGBT,Asset Manager,Brooklyn,New York,10
34,Survivor: Game Changers,Sierra,Dawn,29,1986-12-18,F,White,Straight,Barrel Racer,Roy,Utah,9
34,Survivor: Game Changers,Andrea,Boehlke,27,1989-05-10,F,White,Straight,Entertainment Host/Writer,New York,New York,8
34,Survivor: Game Changers,Michaela,Bradshaw,25,1990-12-01,F,African American,Straight,Vacation Club Sales,Fort Worth,Texas,7
34,Survivor: Game Changers,Cirie,Fields,45,1970-07-18,F,African American,Straight,Nurse,Norwalk,Connecticut,6
34,Survivor: Game Changers,Aubry,Bracco,30,1985-11-14,F,White,Straight,Social Media Marketer,Cambridge,Massachusetts,5
34,Survivor: Game Changers,Tai,Trang,52,1964-03-23,M,Asian American,LGBT,Gardener,San Francisco,California,4
34,Survivor: Game Changers,Troyzan,Robertson,54,1961-07-30,M,White,Straight,Swimsuit Photographer,Miami,Florida,3
34,Survivor: Game Changers,Brad,Culpepper,47,1969-05-08,M,White,Straight,Attorney/Former NFL Player,Tampa,Florida,2
34,Survivor: Game Changers,Sarah,Lacina,32,1984-07-09,F,White,Straight,Police Officer,Marion,Iowa,1
35,Survivor: Heroes vs. Healers vs. Hustlers,Katrina,Radke,46,1970-12-17,F,White,Straight,Olympian,Excelsior,Minnesota,18
35,Survivor: Heroes vs. Healers vs. Hustlers,Simone,Nguyen,25,1991-05-31,F,Asian American,LGBT,Diversity Advocate,New York,New York,17
35,Survivor: Heroes vs. Healers vs. Hustlers,Patrick,Bolton,24,1992-03-06,M,White,Straight,Small Business Owner,Auburn,Alabama,16
35,Survivor: Heroes vs. Healers vs. Hustlers,Alan,Ball,31,1985-03-29,M,African American,Straight,NFL Player,Houston,Texas,15
35,Survivor: Heroes vs. Healers vs. Hustlers,Roark,Luskin,27,1989-11-30,F,White,Straight,Social Worker,Santa Monica,California,14
35,Survivor: Heroes vs. Healers vs. Hustlers,Ali,Elliott,24,1992-11-13,F,African American,Straight,Celebrity Assistant,Los Angeles,California,13
35,Survivor: Heroes vs. Healers vs. Hustlers,Jessica,Johnston,29,1987-04-05,F,White,Straight,Nurse Practitioner,Louisville,Kentucky,12
35,Survivor: Heroes vs. Healers vs. Hustlers,Desi,Williams,27,1989-06-14,F,African American,Straight,Physical Therapist,Newport News,Virginia,11
35,Survivor: Heroes vs. Healers vs. Hustlers,Cole,Medders,24,1992-09-18,M,White,Straight,Wilderness Therapy Guide,Little Rock,Arkansas,10
35,Survivor: Heroes vs. Healers vs. Hustlers,JP,Hilsabeck,28,1988-06-22,M,White,Straight,Firefighter,Los Angeles,California,9
35,Survivor: Heroes vs. Healers vs. Hustlers,Joe,Mena,34,1983-03-15,M,Latin American,Straight,Probation Officer,Tolland,Connecticut,8
35,Survivor: Heroes vs. Healers vs. Hustlers,Lauren,Rimmer,35,1982-03-06,F,White,LGBT,Fisherwoman,Beaufort,North Carolina,7
35,Survivor: Heroes vs. Healers vs. Hustlers,Ashley,Nolan,26,1990-09-17,F,White,Straight,Lifeguard,Satellite Beach,Florida,6
35,Survivor: Heroes vs. Healers vs. Hustlers,Mike,Zahalsky,43,1973-09-11,M,White,Straight,Urologist,Parkland,Florida,5
35,Survivor: Heroes vs. Healers vs. Hustlers,Devon,Pinto,24,1993-03-06,M,Latin American,Straight,Surf Instructor,Solana Beach,California,4
35,Survivor: Heroes vs. Healers vs. Hustlers,Ryan,Ulrich,23,1993-09-08,M,White,Straight,Bellhop,North Arlington,New Jersey,3
35,Survivor: Heroes vs. Healers vs. Hustlers,Chrissy,Hofbeck,46,1971-03-09,F,White,Straight,Actuary,Lebanon Township,New Jersey,2
35,Survivor: Heroes vs. Healers vs. Hustlers,Ben,Driebergen,34,1983-01-01,M,White,Straight,Marine,Boise,Idaho,1
36,Survivor: Ghost Island,Stephanie,Gonzalez,26,1991-04-22,F,Latin American,Straight,Graphic Saleswoman,Ocala,Florida,20
36,Survivor: Ghost Island,Jacob,Derwin,22,1995-06-01,M,White,Straight,Music Teacher,Merrick,New York,19
36,Survivor: Ghost Island,Morgan,Ricke,29,1987-08-06,F,White,Straight,Marine Animal Trainer,Orlando,Florida,18
36,Survivor: Ghost Island,Brendan,Shapiro,41,1976-06-17,M,White,Straight,Physical Education Teacher,Herndon,Virginia,17
36,Survivor: Ghost Island,Stephanie,Johnson,34,1982-09-10,F,White,Straight,Yoga Instructor,Chicago,Illinois,16
36,Survivor: Ghost Island,James,Lim,24,1993-03-17,M,Asian American,Straight,Business Analyst,New York,New York,15
36,Survivor: Ghost Island,Bradley,Kleihege,26,1990-09-14,M,White,Straight,Law Student,Los Angeles,California,14
36,Survivor: Ghost Island,Chris,Noble,27,1989-12-04,M,White,Straight,Male Model,Brooklyn,New York,13
36,Survivor: Ghost Island,Libby,Vincek,24,1992-08-24,F,White,Straight,Social Media Strategist,Nashville,Tennessee,12
36,Survivor: Ghost Island,Desiree,Afuye,21,1996-02-03,F,African American,Straight,Student,Brooklyn,New York,11
36,Survivor: Ghost Island,Jenna,Bowman,23,1993-11-10,F,White,Straight,Advertising Account Executive,Venice Beach,California,10
36,Survivor: Ghost Island,Michael,Yerger,18,1998-07-20,M,White,Straight,Real Estate Agent,Los Angeles,California,9
36,Survivor: Ghost Island,Chelsea,Townsend,24,1992-05-25,F,White,Straight,EMT/Pro Cheerleader,Los Angeles,California,8
36,Survivor: Ghost Island,Kellyn,Bechtold,31,1986-11-20,F,White,Straight,Career Counselor,Denver,Colorado,7
36,Survivor: Ghost Island,Sebastian,Noel,22,1994-07-20,M,White,Straight,Fishing Guide,Melbourne,Florida,6
36,Survivor: Ghost Island,Donathan,Hurley,26,1991-07-19,M,White,LGBT,Caretaker,Kimper,Kentucky,5
36,Survivor: Ghost Island,Angela,Perkins,42,1974-11-02,F,White,Straight,Army Veteran,Cincinnati,Ohio,4
36,Survivor: Ghost Island,Laurel,Johnson,29,1988-02-29,F,African American,Straight,Financial Consultant,Minneapolis,Minnesota,3
36,Survivor: Ghost Island,Domenick,Abbate,38,1978-10-31,M,White,Straight,Construction Supervisor,Nesconset,New York,2
36,Survivor: Ghost Island,Wendell,Holland,33,1984-03-08,M,African American,Straight,Furniture Company Owner,Philadelphia,Pennsylvania,1
37,Survivor: David vs. Goliath,Pat,Cusack,41,1977-02-25,M,White,Straight,Maintenance Manager,Cohoes,New York,20
37,Survivor: David vs. Goliath,Jessica,Peet,19,1998-10-22,F,White,Straight,Waitress,Lakeland,Florida,19
37,Survivor: David vs. Goliath,Jeremy,Crawford,40,1978-04-26,M,African American,LGBT,Attorney,Clover,South Carolina,18
37,Survivor: David vs. Goliath,Bi,Nguyen,28,1989-10-30,F,Asian American,Straight,Mixed Martial Arts Fighter,Houston,Texas,17
37,Survivor: David vs. Goliath,Natalia,Azoqa,25,1992-04-02,F,Asian American,Straight,Industrial Engineer,Irvine,California,16
37,Survivor: David vs. Goliath,Natalie,Cole,57,1961-02-26,F,African American,Straight,Publishing CEO,Los Angeles,California,15
37,Survivor: David vs. Goliath,Lyrsa,Torres,36,1981-09-12,F,Latin American,LGBT,Airline Agent,Boston,Massachusetts,14
37,Survivor: David vs. Goliath,Elizabeth,Olson,31,1987-01-22,F,White,Straight,Kitchen Staff Member,Longview,Texas,13
37,Survivor: David vs. Goliath,John,Hennigan,38,1979-10-03,M,White,Straight,Professional Wrestler,Los Angeles,California,12
37,Survivor: David vs. Goliath,Dan,Rengering,27,1990-04-07,M,White,Straight,S.W.A.T. Officer,Lake Butler,Florida,11
37,Survivor: David vs. Goliath,Alec,Merlino,24,1993-10-15,M,White,Straight,Bartender,San Clemente,California,10
37,Survivor: David vs. Goliath,Carl,Boudreaux,41,1976-10-29,M,African American,Straight,Truck Driver,Beaumont,Texas,9
37,Survivor: David vs. Goliath,Gabby,Pascuzzi,25,1993-03-23,F,Asian American,Straight,Technical Writer,St. Augustine,Florida,8
37,Survivor: David vs. Goliath,Christian,Hubicki,32,1985-12-06,M,White,Straight,Robotics Scientist,Tallahassee,Florida,7
37,Survivor: David vs. Goliath,Davie,Rickenbacker,30,1987-09-14,M,African American,Straight,Social Media Manager,Orangeburg,South Carolina,6
37,Survivor: David vs. Goliath,Alison,Raybould,28,1989-07-12,F,White,Straight,Physician,Chapel Hill,North Carolina,5
37,Survivor: David vs. Goliath,Kara,Kay,30,1987-11-20,F,White,Straight,Realtor,San Diego,California,4
37,Survivor: David vs. Goliath,Angelina,Keeley,28,1989-07-06,F,Latin American,Straight,Financial Consultant,Sparks,Nevada,3
37,Survivor: David vs. Goliath,Mike,White,47,1970-06-28,M,White,LGBT,Filmmaker,Los Angeles,California,2
37,Survivor: David vs. Goliath,Nick,Wilson,27,1990-06-11,M,White,Straight,Public Defender,Williamsburg,Kentucky,1
38,Survivor: Edge of Extinction,Reem,Daly,46,1971-07-08,F,White,Straight,Sales Representative,Ashburn,Virginia,18
38,Survivor: Edge of Extinction,Keith,Sowell,19,1998-07-16,M,African American,Straight,Pre-Med Student,Durham,North Carolina,17
38,Survivor: Edge of Extinction,Aubry,Bracco,32,1985-11-14,F,White,Straight,Marketing Director,Los Angeles,California,16
38,Survivor: Edge of Extinction,Wendy,Diaz,25,1992-09-26,F,Latin American,Straight,Small Business Owner,Bell,California,15
38,Survivor: Edge of Extinction,Joe,Anglim,29,1988-09-30,M,White,Straight,Multimedia Artist,Ogden,Utah,14
38,Survivor: Edge of Extinction,Eric,Hafemann,35,1983-04-13,M,White,Straight,Firefighter,Livermore,California,13
38,Survivor: Edge of Extinction,Julia,Carter,25,1993-04-18,F,African American,Straight,Medical Assistant,Bethesda,Maryland,12
38,Survivor: Edge of Extinction,David,Wright,44,1974-02-06,M,White,Straight,Television Writer,Sherman Oaks,California,11
38,Survivor: Edge of Extinction,Kelley,Wentworth,31,1986-06-07,F,White,Straight,Marketing Manager,Seattle,Washington,10
38,Survivor: Edge of Extinction,Wardog,DaSilva,38,1980-03-31,M,White,Straight,Law Student/Former Military,Los Angeles,California,9
38,Survivor: Edge of Extinction,Ron,Clark,46,1971-10-24,M,White,LGBT,Teacher,Atlanta,Georgia,8
38,Survivor: Edge of Extinction,Aurora,McCreary,32,1985-12-21,F,White,LGBT,Divorce Attorney,Orlando,Florida,7
38,Survivor: Edge of Extinction,Victoria,Baamonde,23,1994-07-18,F,Latin American,Straight,Waitress,Bronx,New York,6
38,Survivor: Edge of Extinction,Lauren,O'Connell,21,1996-10-25,F,White,Straight,Student,Bakersfield,California,5
38,Survivor: Edge of Extinction,Rick,Devens,33,1984-04-05,M,White,Straight,Morning News Anchor,Blacksburg,Virginia,4
38,Survivor: Edge of Extinction,Julie,Rosenberg,46,1971-10-09,F,White,Straight,Toymaker,New York,New York,3
38,Survivor: Edge of Extinction,Gavin,Whitson,23,1994-07-20,M,White,Straight,YMCA Program Director,Erwin,Tennessee,2
38,Survivor: Edge of Extinction,Chris,Underwood,25,1992-10-06,M,Latin American,Straight,District Sales Manager,Greenville,South Carolina,1
39,Survivor: Island of the Idols,Ronnie,Bardah,35,1982-08-29,M,Asian American,Straight,Poker Player,Henderson,Nevada,20
39,Survivor: Island of the Idols,Molly,Byman,27,1990-10-05,F,White,Straight,Law Student,Durham,North Carolina,19
39,Survivor: Island of the Idols,Vince,Moua,27,1991-04-09,M,Asian American,LGBT,Admissions Counselor,Palo Alto,California,18
39,Survivor: Island of the Idols,Chelsea,Walker,26,1992-03-10,F,White,Straight,Digital Content Creator,Los Angeles,California,17
39,Survivor: Island of the Idols,Tom,Laidlaw,60,1958-04-15,M,White,Straight,Former NHL Player,Greenwich,Connecticut,16
39,Survivor: Island of the Idols,Jason,Linden,32,1986-08-04,M,White,Straight,Personal Injury Attorney,New York,New York,15
39,Survivor: Island of the Idols,Jack,Nichting,23,1995-06-05,M,White,Straight,Grad Student,Harrisonburg,Virginia,14
39,Survivor: Island of the Idols,Kellee,Kim,29,1989-10-17,F,Asian American,Straight,MBA Student,Philadelphia,Pennsylvania,13
39,Survivor: Island of the Idols,Jamal,Shipman,33,1985-05-09,M,Latin American,Straight,College Administrator,Providence,Rhode Island,12
39,Survivor: Island of the Idols,Aaron,Meredith,36,1982-12-16,M,African American,Straight,Gym Owner,Warwick,Rhode Island,11
39,Survivor: Island of the Idols,Missy,Byrd,24,1994-07-01,F,African American,LGBT,Air Force Veteran,Tacoma,Washington,10
39,Survivor: Island of the Idols,Elizabeth,Beisel,26,1992-08-18,F,White,Straight,Olympic Medalist,Saunderstown,Rhode Island,9
39,Survivor: Island of the Idols,Karishma,Patel,37,1981-12-07,F,Asian American,Straight,Personal Injury Attorney,Houston,Texas,8
39,Survivor: Island of the Idols,Elaine,Stott,41,1978-01-13,F,White,LGBT,Factory Worker,Rockholds,Kentucky,7
39,Survivor: Island of the Idols,Dan,Spilo,48,1970-06-28,M,White,Straight,Talent Manager,Los Angeles,California,6
39,Survivor: Island of the Idols,Janet,Carbin,59,1959-06-15,F,White,Straight,Chief Lifeguard,Palm Bay,Florida,5
39,Survivor: Island of the Idols,Lauren,Beck,28,1989-11-16,F,African American,Straight,Nanny,Glendale,California,4
39,Survivor: Island of the Idols,Noura,Salman,36,1982-08-23,F,Asian American,Straight,Entrepreneur,North Potomac,Maryland,3
39,Survivor: Island of the Idols,Dean,Kowalski,28,1990-04-12,M,White,Straight,Tech Sales,New York,New York,2
39,Survivor: Island of the Idols,Tommy,Sheehan,26,1992-10-26,M,White,Straight,4th Grade Teacher,Long Beach,New York,1
40,Survivor: Winners at War,Amber,Mariano,40,1978-08-11,F,White,Straight,Director of Marketing & Communications,Pensacola,Florida,20
40,Survivor: Winners at War,Danni,Boatwright,43,1975-07-13,F,White,Straight,Sideline Chic Owner,Shawnee,Kansas,19
40,Survivor: Winners at War,Ethan,Zohn,45,1973-11-12,M,White,Straight,Keynote Speaker/Social Entrepreneur,Hillsborough,New Hampshire,18
40,Survivor: Winners at War,Rob,Mariano,43,1975-12-25,M,White,Straight,Construction Worker,Pensacola,Florida,17
40,Survivor: Winners at War,Parvati,Shallow,36,1982-09-21,F,White,Straight,Life Coach/Speaker/Yoga Teacher,Los Angeles,California,16
40,Survivor: Winners at War,Sandra,Diaz-Twine,44,1974-07-30,F,Latin American,Straight,Case Manager,Riverview,Florida,15
40,Survivor: Winners at War,Yul,Kwon,44,1975-02-14,M,Asian American,Straight,Product Management,Los Altos,California,14
40,Survivor: Winners at War,Wendell,Holland,35,1984-03-08,M,African American,Straight,Furniture Designer,Philadelphia,Pennsylvania,13
40,Survivor: Winners at War,Adam,Klein,28,1991-01-15,M,White,Straight,Host/Keynote Speaker,Burlingame,California,12
40,Survivor: Winners at War,Tyson,Apostol,39,1979-06-17,M,White,Straight,Former Pro Cyclist/Shop Manager,Mesa,Arizona,11
40,Survivor: Winners at War,Sophie,Clarke,29,1989-07-10,F,White,Straight,Healthcare Consultant,Santa Monica,California,10
40,Survivor: Winners at War,Kim,Spradlin-Wolfe,36,1983-01-30,F,White,Straight,Interior Designer,San Antonio,Texas,9
40,Survivor: Winners at War,Jeremy,Collins,41,1978-04-16,M,African American,Straight,Firefighter,Foxborough,Massachusetts,8
40,Survivor: Winners at War,Nick,Wilson,28,1990-06-11,M,White,Straight,Attorney,Williamsburg,Kentucky,7
40,Survivor: Winners at War,Denise,Stapley,48,1971-01-01,F,White,Straight,Sex Therapist,Marion,Iowa,6
40,Survivor: Winners at War,Ben,Driebergen,36,1983-01-01,M,White,Straight,Real Estate Agent/Stay-at-home Dad,Boise,Idaho,5
40,Survivor: Winners at War,Sarah,Lacina,35,1984-07-09,F,White,Straight,Police Officer,Cedar Rapids,Iowa,4
40,Survivor: Winners at War,Michele,Fitzgerald,29,1990-05-05,F,White,Straight,Business Development Manager,Hoboken,New Jersey,3
40,Survivor: Winners at War,Natalie,Anderson,33,1986-04-11,F,Asian American,Straight,CrossFit Trainer,Edgewater,New Jersey,2
40,Survivor: Winners at War,Tony,Vlachos,45,1973-09-10,M,White,Straight,Police Officer,Allendale,New Jersey,1
41,Survivor 41,Eric,Abraham,51,1970-06-10,M,African American,Straight,Cyber Security Analyst,San Antonio,Texas,18
41,Survivor 41,Sara,Wilson,24,1997-06-28,F,White,Straight,Healthcare Consultant,Boston,Massachusetts,17
41,Survivor 41,David,Voce,35,1986-05-01,M,White,Straight,Neurosurgeon,Chicago,Illinois,16
41,Survivor 41,Brad,Reese,50,1971-07-21,M,White,Straight,Rancher,Shawnee,Wyoming,15
41,Survivor 41,JD,Robinson,20,2001-03-18,M,African American,Straight,College Student,Oklahoma City,Oklahoma,14
41,Survivor 41,Genie,Chen,46,1975-03-04,F,Asian American,LGBT,Grocery Clerk,Portland,Oregon,13
41,Survivor 41,Sydney,Segal,26,1995-07-19,F,White,Straight,Law Student,Brooklyn,New York,12
41,Survivor 41,Tiffany,Seely,47,1973-12-08,F,White,Straight,Teacher,Plainview,New York,11
41,Survivor 41,Naseer,Muttalif,37,1984-06-09,M,Asian American,Straight,Sales Manager,Morgan Hill,California,10
41,Survivor 41,Evvie,Jagoda,28,1992-10-26,N,White,LGBT,PhD Student,Arlington,Massachusetts,9
41,Survivor 41,Shan,Smith,34,1987-03-11,F,African American,Straight,Pastor,Washington,District of Columbia,8
41,Survivor 41,Liana,Wallace,20,2000-10-25,F,African American,Straight,College Student,Washington,District of Columbia,7
41,Survivor 41,Danny,McCray,33,1988-03-10,M,African American,Straight,Ex-NFL Player,Frisco,Texas,6
41,Survivor 41,Ricard,Foy,31,1989-12-04,M,Latin American,LGBT,Flight Attendant,Sedro-Woolley,Washington,5
41,Survivor 41,Heather,Aldret,52,1969-03-01,F,White,Straight,Stay-at-Home Mom,Charleston,South Carolina,4
41,Survivor 41,Xander,Hastings,21,2000-08-11,M,White,Straight,App Developer,Chicago,Illinois,3
41,Survivor 41,Deshawn,Radden,26,1995-09-17,M,African American,Straight,Medical Student,Miami,Florida,2
41,Survivor 41,Erika,Casupanan,32,1989-07-20,F,Asian American,Straight,Communications Manager,Toronto,Ontario,1
42,Survivor 42,Jackson,Fox,48,1973-08-13,M,White,LGBT,Healthcare Worker,Houston,Texas,18
42,Survivor 42,Zach,Wurtenberger,22,2000-01-26,M,White,Straight,Student,St. Louis,Missouri,17
42,Survivor 42,Marya,Sherron,47,1974-03-26,F,African American,Straight,Stay-at-Home Mom,Noblesville,Indiana,16
42,Survivor 42,Jenny,Kim,43,1978-06-30,F,Asian American,Straight,Creative Director,Brooklyn,New York,15
42,Survivor 42,Swati,Goel,19,2002-03-20,F,Asian American,Straight,Ivy League Student,Palo Alto,California,14
42,Survivor 42,Daniel,Strunk,30,1991-03-26,M,White,Straight,Law Clerk,New Haven,Connecticut,13
42,Survivor 42,Lydia,Meredith,22,1999-05-23,F,White,LGBT,Waitress,Santa Monica,California,12
42,Survivor 42,Chanelle,Howell,29,1992-08-22,F,African American,LGBT,Executive Recruiter,New York,New York,11
42,Survivor 42,Rocksroy,Bailey,44,1978-01-12,M,African American,Straight,Stay-at-Home Dad,Las Vegas,Nevada,10
42,Survivor 42,Tori,Meehan,25,1996-09-03,F,White,Straight,Therapist,Rogers,Arkansas,9
42,Survivor 42,Hai,Giang,29,1992-10-09,M,Asian American,LGBT,Data Scientist,New Orleans,Louisiana,8
42,Survivor 42,Drea,Wheeler,35,1986-08-27,F,African American,Straight,Fitness Consultant,Montreal,Quebec,7
42,Survivor 42,Omar,Zaheer,31,1990-10-24,M,Asian American,Straight,Veterinarian,Whitby,Ontario,6
42,Survivor 42,Lindsay,Dolashewich,31,1991-02-01,F,White,Straight,Dietitian,Asbury Park,New Jersey,5
42,Survivor 42,Jonathan,Young,29,1993-01-13,M,White,Straight,Beach Service Company Owner,Gulf Shores,Alabama,4
42,Survivor 42,Romeo,Escobar,37,1984-05-10,M,Latin American,LGBT,Pageant Coach,Norwalk,California,3
42,Survivor 42,Mike,Turner,58,1963-10-15,M,Latin American,Straight,Retired Firefighter,Hoboken,New Jersey,2
42,Survivor 42,Maryanne,Oketch,24,1998-01-01,F,African American,Straight,Seminary Student,Ajax,Ontario,1
43,Survivor 43,Morriah,Young,28,1993-12-03,F,African American,Straight,Teacher,Philadelphia,Pennsylvania,18
43,Survivor 43,Justine,Brennan,29,1993-01-07,F,Asian American,Straight,Cyber Security Saleswoman,Marina del Ray,California,17
43,Survivor 43,Nneka,Ejere,43,1979-06-24,F,African American,Straight,Pharmacist,Weatherford,Texas,16
43,Survivor 43,Lindsay,Carmine,42,1980-01-21,F,White,Straight,Pediatric Nurse,Downingtown,Pennsylvania,15
43,Survivor 43,Geo,Bustamante,35,1986-08-22,M,Latin American,LGBT,Project Manager,Honolulu,Hawaii,14
43,Survivor 43,Elie,Scott,31,1991-04-17,F,Latin American,Straight,Clinical Psychologist,Salt Lake City,Utah,13
43,Survivor 43,Dwight,Moore,22,2000-08-30,M,African American,Straight,Graduate Student,Collierville,Tennessee,12
43,Survivor 43,Jeanine,Zheng,24,1997-12-19,F,Asian American,Straight,UX Designer,San Francisco,California,11
43,Survivor 43,James,Jones,37,1985-05-07,M,African American,Straight,Event Planner,Philadelphia,Pennsylvania,10
43,Survivor 43,Ryan,Medrano,24,1997-08-26,M,Latin American,Straight,Warehouse Associate,El Paso,Texas,9
43,Survivor 43,Noelle,Lambert,25,1997-01-24,F,White,Straight,Paralympian,Manchester,New Hampshire,8
43,Survivor 43,Sami,Layadi,19,2002-10-13,M,African American,Straight,Pet Cremator,Las Vegas,Nevada,7
43,Survivor 43,Cody,Assenmacher,35,1986-12-09,M,White,Straight,Elevator Salesman,Honolulu,Hawaii,6
43,Survivor 43,Karla,Cruz,28,1994-02-19,F,Latin American,LGBT,Educational Project Manager,Newark,Delaware,5
43,Survivor 43,Jesse,Lopez,30,1991-11-29,M,Latin American,Straight,Political Science PhD,Durham,North Carolina,4
43,Survivor 43,Owen,Knight,29,1992-07-10,M,Asian American,Straight,College Admissions Director,New Orleans,Louisiana,3
43,Survivor 43,Cassidy,Clark,26,1996-01-16,F,White,Straight,Designer,Austin,Texas,2
43,Survivor 43,Mike,Gabler,52,1970-09-04,M,White,Straight,Heart Valve Specialist,Meridian,Idaho,1
